gid,구이름,lon,lat,심야약국,전체약국,응급실,상비의약품,경찰서,고위험군,총인구,구가중치
ㅼ_5941,강남구,127.041977,37.47183393,0,9,0,27,0,4384.0,16030.0,1
ㅼ_6042,강남구,127.0532322,37.48089065,0,6,0,5,1,6820.0,19595.0,1
ㅼ_6540,강남구,127.1098775,37.46306396,0,2,0,0,1,674.0,1702.0,1
ㅼ_6542,강남구,127.1097838,37.48109096,0,4,0,0,0,324.0,430.0,1
ㅼ_6043,강남구,127.0531785,37.48990406,0,9,0,6,0,11623.0,35089.0,1
ㅼ_6342,강남구,127.0871631,37.48101408,0,5,0,3,0,5456.0,16230.0,1
ㅼ_5842,강남구,127.0306117,37.48080295,0,9,0,16,0,963.0,2428.0,1
ㅼ_6046,강남구,127.0530174,37.51694422,0,12,0,16,1,5845.0,18023.0,1
ㅼ_6045,강남구,127.0530711,37.50793085,0,29,0,42,0,2504.0,12315.0,1
ㅼ_5845,강남구,127.0304425,37.50784307,1,24,1,52,0,3782.0,,1
ㅼ_6440,강남구,127.0985699,37.46302608,0,0,0,5,0,3485.0,0.0,1
ㅼ_6343,강남구,127.0871135,37.49002754,0,20,1,8,1,5022.0,14564.0,1
ㅼ_6041,강남구,127.0532859,37.47187722,0,1,0,3,0,2337.0,2600.0,1
ㅼ_6243,강남구,127.0758018,37.48998746,0,13,0,9,0,6280.0,17597.0,1
ㅼ_6047,강남구,127.0529636,37.52595758,0,10,0,11,0,3855.0,,1
ㅼ_5847,강남구,127.0303295,37.52586974,0,51,0,37,1,4093.0,11257.0,1
ㅼ_5848,강남구,127.030273,37.53488306,0,3,0,2,0,3761.0,,1
ㅼ_6443,강남구,127.0984252,37.49006653,0,11,0,8,0,4174.0,,1
ㅼ_5746,강남구,127.0190704,37.51681088,0,33,0,40,1,4788.0,10843.0,1
ㅼ_6044,강남구,127.0531248,37.49891746,0,27,1,43,0,9444.0,38148.0,1
ㅼ_6142,강남구,127.0645425,37.48093288,0,2,0,1,0,3903.0,11030.0,1
ㅼ_5747,강남구,127.0190125,37.52582419,0,12,0,14,0,3225.0,977.0,1
ㅼ_5947,강남구,127.0416465,37.5259142,0,22,0,21,0,3648.0,11363.0,1
ㅼ_6141,강남구,127.0645948,37.47191943,0,0,0,0,0,549.0,,1
ㅼ_6543,강남구,127.1097369,37.49010443,0,6,0,10,1,4273.0,6739.0,1
ㅼ_6242,강남구,127.0758528,37.48097402,0,0,0,2,0,2022.0,6321.0,1
ㅼ_6341,강남구,127.0872127,37.47200061,0,1,0,5,0,3082.0,45.0,1
ㅼ_5846,강남구,127.030386,37.51685641,0,17,0,31,2,1908.0,7987.0,1
ㅼ_6441,강남구,127.0985217,37.47203958,0,0,0,11,0,3284.0,9845.0,1
ㅼ_6442,강남구,127.0984734,37.48105306,0,0,0,1,0,1040.0,2719.0,1
ㅼ_5946,강남구,127.0417017,37.51690086,0,24,0,27,0,6914.0,23721.0,1
ㅼ_6340,강남구,127.0872622,37.46298713,0,0,0,1,0,268.0,201.0,1
ㅼ_6344,강남구,127.0870639,37.49904098,0,2,0,12,0,4152.0,15122.0,1
ㅼ_5948,강남구,127.0415914,37.53492753,0,0,0,3,0,1313.0,2210.0,1
ㅼ_6145,강남구,127.0643855,37.50797312,0,12,0,13,1,590.0,,1
ㅼ_5944,강남구,127.0418119,37.49887413,0,38,0,42,0,5855.0,22912.0,1
ㅼ_5943,강남구,127.0418669,37.48986074,0,13,1,16,0,6986.0,,1
ㅼ_6640,강남구,127.1211852,37.46310074,0,3,0,0,0,0.0,,1
ㅼ_5745,강남구,127.0191282,37.50779755,1,23,0,50,0,5976.0,21959.0,1
ㅼ_5942,강남구,127.041922,37.48084734,0,13,0,27,1,4043.0,10142.0,1
ㅼ_6147,강남구,127.0642807,37.52599988,0,0,0,0,0,94.0,,1
ㅼ_5843,강남구,127.0305553,37.48981633,0,23,0,41,1,6370.0,16556.0,1
ㅼ_5945,강남구,127.0417568,37.5078875,0,8,0,43,2,3571.0,17674.0,1
ㅼ_6144,강남구,127.0644378,37.49895972,0,15,0,13,1,8275.0,,1
ㅼ_6146,강남구,127.0643331,37.5169865,0,6,0,5,1,2623.0,,1
ㅼ_6244,강남구,127.0757508,37.49900089,0,2,0,1,0,2181.0,,1
ㅼ_6641,강남구,127.1211397,37.47211426,0,0,0,2,0,103.0,279.0,1
ㅼ_5844,강남구,127.0304989,37.49882971,0,56,0,63,0,2393.0,1994.0,1
ㅼ_6143,강남구,127.0644902,37.4899463,0,14,0,7,0,5956.0,17800.0,1
ㅼ_6541,강남구,127.1098307,37.47207746,0,3,0,1,0,3695.0,11599.0,1
ㅼ_5748,강남구,127.0189546,37.53483749,0,0,0,0,0,360.0,613.0,1
ㅼ_5647,강남구,127.0076955,37.52577756,0,0,0,1,0,1600.0,5077.0,1
ㅼ_5648,강남구,127.0076363,37.53479085,0,13,1,9,1,3329.0,10788.0,1
ㅼ_6444,강남구,127.0983769,37.49907998,0,2,0,15,1,7096.0,25570.0,1
ㅼ_6439,강남구,127.098618,37.45401258,0,0,0,0,0,,,1
ㅼ_6040,강남구,127.0533395,37.46286378,0,0,0,0,0,327.0,770.0,1
ㅼ_6642,강남구,127.1210942,37.48112777,0,8,0,26,0,3085.0,18414.0,1
ㅼ_6048,강남구,127.0529098,37.53497093,0,11,0,13,1,3908.0,13620.0,1
ㅼ_6241,강남구,127.0759037,37.47196056,0,0,0,0,0,,,1
ㅼ_6847,강동구,127.1435008,37.52626558,0,12,1,4,2,3468.0,10533.0,1
ㅼ_6751,강동구,127.1320064,37.56228452,0,0,0,0,0,347.0,888.0,1
ㅼ_6850,강동구,127.143372,37.55330587,0,15,0,9,1,14474.0,40184.0,1
ㅼ_6750,강동구,127.1320507,37.55327113,1,23,0,28,0,11253.0,35683.0,1
ㅼ_7051,강동구,127.1659745,37.56238551,0,2,0,9,0,4901.0,13326.0,1
ㅼ_6851,강동구,127.1433291,37.56231927,0,0,0,1,0,2800.0,7518.0,1
ㅼ_7153,강동구,127.1772194,37.58044383,0,0,0,0,0,,0.0,1
ㅼ_7053,강동구,127.1658939,37.58041232,0,0,0,0,0,,81.0,1
ㅼ_6849,강동구,127.143415,37.54429245,0,25,0,19,0,12933.0,39920.0,1
ㅼ_6749,강동구,127.132095,37.54425773,1,20,0,26,1,11764.0,36211.0,1
ㅼ_7049,강동구,127.1660549,37.54435865,0,1,0,4,0,1802.0,5214.0,1
ㅼ_7150,강동구,127.1773361,37.55340357,0,5,0,4,0,3707.0,10893.0,1
ㅼ_6950,강동구,127.1546933,37.55333952,0,21,1,10,1,6514.0,20769.0,1
ㅼ_6948,강동구,127.1547765,37.53531265,0,0,0,0,0,441.0,1161.0,1
ㅼ_6748,강동구,127.1321393,37.53524431,0,25,1,47,0,12568.0,45362.0,1
ㅼ_7050,강동구,127.1660147,37.55337209,0,10,0,7,1,12369.0,31795.0,1
ㅼ_7152,강동구,127.1772583,37.57143043,0,1,0,6,0,5531.0,13070.0,1
ㅼ_7149,강동구,127.1773749,37.54439012,0,0,0,0,0,193.0,654.0,1
ㅼ_6648,강동구,127.1208207,37.53520851,0,22,0,29,0,9040.0,16402.0,1
ㅼ_6747,강동구,127.1321836,37.52623087,0,22,0,18,0,7025.0,,1
ㅼ_7052,강동구,127.1659342,37.57139892,0,0,0,4,0,1406.0,3227.0,1
ㅼ_7151,강동구,127.1772972,37.562417,0,5,0,2,1,5107.0,15346.0,1
ㅼ_6649,강동구,127.1207751,37.54422192,0,14,0,22,0,5011.0,591.0,1
ㅼ_6650,강동구,127.1207294,37.55323531,0,1,0,8,0,3085.0,,1
ㅼ_6647,강동구,127.1208664,37.52619509,0,16,0,9,2,4704.0,7616.0,1
ㅼ_6846,강동구,127.1435437,37.51725212,0,0,0,0,0,85.0,245.0,1
ㅼ_6952,강동구,127.1546101,37.57136634,0,0,0,0,0,,0.0,1
ㅼ_6848,강동구,127.1434579,37.53527902,0,24,0,17,0,11154.0,34985.0,1
ㅼ_6949,강동구,127.1547349,37.54432609,0,14,0,2,0,2117.0,6510.0,1
ㅼ_6951,강동구,127.1546518,37.56235294,0,9,0,7,1,4319.0,12960.0,1
ㅼ_6549,강동구,127.1094552,37.54418502,0,0,0,3,0,2226.0,,1
ㅼ_6550,강동구,127.1094081,37.5531984,0,2,0,3,0,1273.0,3485.0,1
ㅼ_6651,강동구,127.1206837,37.56224869,0,0,0,0,0,,,1
ㅼ_6746,강동구,127.1322278,37.51721743,0,6,0,5,0,4204.0,12914.0,1
ㅼ_6852,강동구,127.1432861,37.57133266,0,0,0,0,0,,,1
ㅼ_7250,강동구,127.1886574,37.55343397,0,0,0,0,0,,,1
ㅼ_6947,강동구,127.154818,37.5262992,0,0,0,0,0,,,1
ㅼ_6752,강동구,127.131962,37.5712979,0,0,0,0,0,,,1
ㅼ_7249,강동구,127.1886949,37.54442051,0,0,0,0,0,,,1
ㅼ_5858,강북구,127.0297064,37.62501546,0,16,1,14,0,7511.0,23787.0,1
ㅼ_5958,강북구,127.0410384,37.62506008,0,7,0,11,0,6972.0,431.0,1
ㅼ_5560,강북구,126.9955886,37.64290129,0,0,0,0,0,,20.0,1
ㅼ_5561,강북구,126.9955276,37.65191438,0,0,0,0,0,,7.0,1
ㅼ_5658,강북구,127.0070424,37.62492295,0,0,0,6,0,1926.0,109.0,1
ㅼ_5662,강북구,127.0068041,37.6609754,0,1,0,5,0,1761.0,4814.0,1
ㅼ_5857,강북구,127.0297632,37.61600228,0,15,0,20,2,9392.0,2823.0,1
ㅼ_6058,강북구,127.0523705,37.62510361,0,9,0,11,1,7825.0,4346.0,1
ㅼ_5761,강북구,127.0181998,37.65200915,0,11,0,10,0,5630.0,11675.0,1
ㅼ_5859,강북구,127.0296496,37.63402862,1,31,0,13,1,6041.0,119.0,1
ㅼ_5757,강북구,127.0184325,37.61595659,0,17,0,14,0,13847.0,9824.0,1
ㅼ_5657,강북구,127.0071019,37.6159098,0,5,0,10,1,9573.0,20521.0,1
ㅼ_5660,강북구,127.0069233,37.6429492,0,1,0,15,0,4720.0,13069.0,1
ㅼ_5659,강북구,127.0069829,37.63393608,0,1,0,8,1,2165.0,5985.0,1
ㅼ_5461,강북구,126.9841916,37.65186536,0,0,0,0,0,,8.0,1
ㅼ_5856,강북구,127.0298199,37.60698909,0,24,0,26,1,8966.0,25728.0,1
ㅼ_5663,강북구,127.0067444,37.66998848,0,0,0,0,0,,112.0,1
ㅼ_5563,강북구,126.9954056,37.66994052,0,0,0,0,0,,0.0,1
ㅼ_5758,강북구,127.0183744,37.62496975,0,7,0,22,1,10632.0,31247.0,1
ㅼ_5759,강북구,127.0183162,37.6339829,0,29,1,39,1,10015.0,31469.0,1
ㅼ_5760,강북구,127.018258,37.64299603,1,23,0,30,1,12382.0,35587.0,1
ㅼ_5860,강북구,127.0295928,37.64304177,0,16,2,32,3,9637.0,14715.0,1
ㅼ_5762,강북구,127.0181415,37.66102226,0,4,0,5,0,3956.0,8525.0,1
ㅼ_5664,강북구,127.0066848,37.67900155,0,0,0,0,0,,,1
ㅼ_5661,강북구,127.0068637,37.65196231,0,0,0,7,0,1464.0,,1
ㅼ_5957,강북구,127.0410938,37.61604689,0,7,0,15,0,8306.0,19072.0,1
ㅼ_5558,강북구,126.9957104,37.62487506,0,0,0,0,0,,17.0,1
ㅼ_5959,강북구,127.040983,37.63407326,0,7,0,12,0,8306.0,11130.0,1
ㅼ_5564,강북구,126.9953446,37.67895357,0,0,0,0,0,,,1
ㅼ_5459,강북구,126.9843162,37.63383919,0,0,0,0,0,,,1
ㅼ_5559,강북구,126.9956495,37.63388818,0,0,0,0,0,,,1
ㅼ_5565,강북구,126.9952835,37.6879666,0,0,0,0,0,,,1
ㅼ_5756,강북구,127.0184906,37.60694341,0,15,0,14,1,14221.0,41024.0,1
ㅼ_5861,강북구,127.0295359,37.65205491,0,11,0,17,0,8639.0,26727.0,1
ㅼ_5665,강북구,127.0066251,37.6880146,0,0,0,0,0,,,1
ㅼ_5764,강북구,127.018025,37.67904844,0,0,0,0,0,,0.0,1
ㅼ_5462,강북구,126.9841292,37.66087842,0,0,0,0,0,,,1
ㅼ_5460,강북구,126.9842539,37.64285228,0,0,0,0,0,,,1
ㅼ_5562,강북구,126.9954666,37.66092745,0,0,0,0,0,,,1
ㅼ_5763,강북구,127.0180833,37.67003536,0,0,0,0,0,,,1
ㅼ_4150,강서구,126.8377053,37.55198697,0,17,1,8,0,10804.0,35596.0,2
ㅼ_4248,강서구,126.8491826,37.53402389,0,15,0,26,0,12729.0,43806.0,2
ㅼ_3951,강서구,126.8149817,37.56087073,0,9,0,9,0,10416.0,28118.0,2
ㅼ_4151,강서구,126.8376255,37.56099995,0,13,1,29,0,3951.0,13996.0,2
ㅼ_4351,강서구,126.8602695,37.56112482,0,11,0,8,0,9190.0,,2
ㅼ_4147,강서구,126.8379444,37.52494796,0,15,0,25,0,10605.0,27046.0,2
ㅼ_4153,강서구,126.8374659,37.57902586,0,1,0,0,0,526.0,1668.0,2
ㅼ_4152,강서구,126.8375457,37.57001291,0,5,0,11,0,1492.0,8663.0,2
ㅼ_4347,강서구,126.8605775,37.52507267,0,17,1,23,1,8551.0,27927.0,2
ㅼ_4349,강서구,126.8604236,37.54309877,0,8,0,19,2,7446.0,11976.0,2
ㅼ_4247,강서구,126.849261,37.52501085,0,10,0,22,1,9719.0,27577.0,2
ㅼ_4451,강서구,126.8715915,37.56118562,0,0,0,0,0,450.0,,2
ㅼ_4450,강서구,126.8716672,37.55217259,0,17,0,17,1,11452.0,1107.0,2
ㅼ_4250,강서구,126.8490259,37.55204993,0,15,0,28,1,7077.0,26065.0,2
ㅼ_3650,강서구,126.7811029,37.5516559,0,0,0,0,0,,0.0,2
ㅼ_3854,강서구,126.803408,37.58784315,0,0,0,0,0,233.0,592.0,2
ㅼ_3949,강서구,126.8151467,37.54284485,0,0,0,1,0,,0.0,2
ㅼ_3852,강서구,126.803576,37.5698174,0,2,0,13,0,4435.0,12597.0,2
ㅼ_4149,강서구,126.8377851,37.54297398,0,32,0,34,1,11745.0,1538.0,2
ㅼ_4550,강서구,126.8829879,37.55223229,0,0,0,0,0,375.0,,2
ㅼ_3550,강서구,126.7697825,37.55158643,0,0,0,0,0,,0.0,2
ㅼ_4051,강서구,126.8263036,37.56093588,0,9,0,7,0,4063.0,12635.0,2
ㅼ_3953,강서구,126.8148166,37.57889656,0,7,0,11,1,7775.0,22078.0,2
ㅼ_4251,강서구,126.8489475,37.56106292,1,29,1,22,1,10100.0,28296.0,2
ㅼ_3851,강서구,126.8036599,37.5608045,0,2,0,15,1,857.0,3936.0,2
ㅼ_4049,강서구,126.8264659,37.54290996,0,2,0,15,1,4582.0,8230.0,2
ㅼ_4252,강서구,126.8488691,37.57007591,0,3,0,4,0,4673.0,,2
ㅼ_4549,강서구,126.8830622,37.54321922,0,1,0,6,0,3419.0,1106.0,2
ㅼ_3950,강서구,126.8150642,37.5518578,0,1,0,10,0,1371.0,4639.0,2
ㅼ_3954,강서구,126.814734,37.58790945,0,0,0,0,0,50.0,88.0,2
ㅼ_3952,강서구,126.8148992,37.56988365,0,11,0,19,0,11026.0,31068.0,2
ㅼ_4249,강서구,126.8491043,37.54303692,0,7,0,17,0,9321.0,32563.0,2
ㅼ_4352,강서구,126.8601924,37.57013782,0,0,0,0,0,399.0,,2
ㅼ_3853,강서구,126.803492,37.57883028,0,0,0,2,0,887.0,2285.0,2
ㅼ_4050,강서구,126.8263848,37.55192293,0,6,0,11,1,7071.0,,2
ㅼ_4148,강서구,126.8378648,37.53396098,0,24,0,28,1,12381.0,11917.0,2
ㅼ_4348,강서구,126.8605006,37.53408572,0,20,0,19,1,10720.0,7613.0,2
ㅼ_4350,강서구,126.8603466,37.5521118,0,10,0,17,0,6866.0,2392.0,2
ㅼ_3551,강서구,126.7696945,37.56059928,0,0,0,0,0,,6.0,2
ㅼ_4449,강서구,126.8717429,37.54315954,0,17,0,13,0,10482.0,36807.0,2
ㅼ_4052,강서구,126.8262224,37.56994882,0,11,0,8,0,3758.0,14631.0,2
ㅼ_3749,강서구,126.7925085,37.54271138,0,0,0,0,0,,0.0,2
ㅼ_4154,강서구,126.837386,37.58803879,0,0,0,0,0,,,2
ㅼ_3754,강서구,126.7920821,37.58777577,0,0,0,0,0,,,2
ㅼ_3856,강서구,126.80324,37.60586885,0,0,0,0,0,,,2
ㅼ_3750,강서구,126.7924233,37.55172429,0,0,0,0,0,,,2
ㅼ_3748,강서구,126.7925936,37.53369846,0,0,0,0,0,,,2
ㅼ_3552,강서구,126.7696065,37.56961211,0,0,0,0,0,,,2
ㅼ_3752,강서구,126.7922528,37.56975005,0,0,0,0,0,,,2
ㅼ_3652,강서구,126.7809296,37.56968163,0,0,0,0,0,,,2
ㅼ_3848,강서구,126.8039114,37.53376572,0,0,0,0,0,,,2
ㅼ_4054,강서구,126.82606,37.58797467,0,2,0,0,0,,,2
ㅼ_3653,강서구,126.780843,37.57869447,0,0,0,0,0,,,2
ㅼ_3751,강서구,126.7923381,37.56073718,0,1,1,0,0,,,2
ㅼ_3753,강서구,126.7921675,37.57876292,0,0,0,0,0,,,2
ㅼ_3955,강서구,126.8146513,37.59692233,0,0,0,0,0,,,2
ㅼ_3855,강서구,126.803324,37.59685601,0,0,0,0,0,,,2
ㅼ_3755,강서구,126.7919968,37.5967886,0,0,0,0,0,,,2
ㅼ_3651,강서구,126.7810163,37.56066877,0,0,0,0,0,,,2
ㅼ_3649,강서구,126.7811894,37.54264302,0,0,0,0,0,,,2
ㅼ_3849,강서구,126.8038276,37.54277866,0,0,0,0,0,,,2
ㅼ_3850,강서구,126.8037437,37.55179158,0,1,0,0,0,,,2
ㅼ_4551,강서구,126.8829136,37.56124535,0,0,0,1,0,,,2
ㅼ_4253,강서구,126.8487906,37.57908888,0,0,0,0,0,,,2
ㅼ_4053,강서구,126.8261412,37.57896175,0,12,0,0,0,,,2
ㅼ_4842,관악구,126.917511,37.48029949,0,13,0,21,1,7127.0,,2
ㅼ_5040,관악구,126.9402653,37.46238228,0,0,0,1,0,2143.0,,2
ㅼ_5243,관악구,126.9626864,37.48952716,0,8,0,9,0,11067.0,14017.0,2
ㅼ_4839,관악구,126.9177207,37.45325974,0,3,0,1,1,6283.0,16969.0,2
ㅼ_5042,관악구,126.9401309,37.48040884,0,15,0,33,0,9191.0,,2
ㅼ_5043,관악구,126.9400636,37.4894221,0,7,0,12,1,9376.0,536.0,2
ㅼ_4942,관악구,126.9288209,37.48035471,0,27,1,27,1,8190.0,,2
ㅼ_4940,관악구,126.9289581,37.46232818,0,3,0,5,0,4973.0,,2
ㅼ_5140,관악구,126.9515726,37.4624353,0,2,0,0,0,,,2
ㅼ_4944,관악구,126.9286836,37.49838117,0,21,0,32,0,10466.0,37509.0,2
ㅼ_5141,관악구,126.9515068,37.47144861,0,0,0,2,0,693.0,,2
ㅼ_4642,관악구,126.8948912,37.48018581,0,23,0,39,1,4223.0,10342.0,2
ㅼ_5240,관악구,126.9628799,37.46248724,0,0,0,0,0,191.0,,2
ㅼ_5039,관악구,126.9403325,37.45336898,0,0,0,0,0,,,2
ㅼ_4941,관악구,126.9288895,37.47134145,0,9,0,26,0,6160.0,,2
ㅼ_5143,관악구,126.951375,37.48947517,0,18,1,16,0,13221.0,4243.0,2
ㅼ_4741,관악구,126.9062724,37.47122997,0,8,0,6,1,6410.0,19974.0,2
ㅼ_4843,관악구,126.917441,37.48931271,0,12,0,24,1,5989.0,5509.0,2
ㅼ_5342,관악구,126.974061,37.48056475,0,18,0,35,2,10524.0,36696.0,2
ㅼ_4840,관악구,126.9176508,37.462273,0,5,0,5,1,5732.0,1209.0,2
ㅼ_4742,관악구,126.9062011,37.48024319,0,16,1,26,0,8784.0,13245.0,2
ㅼ_5241,관악구,126.9628155,37.47150056,0,12,0,19,0,5713.0,,2
ㅼ_5242,관악구,126.9627509,37.48051386,0,9,0,18,1,6181.0,2330.0,2
ㅼ_5041,관악구,126.9401981,37.47139557,0,11,0,20,1,5417.0,,2
ㅼ_5441,관악구,126.9854329,37.47160122,0,4,0,2,0,2173.0,4355.0,2
ㅼ_5341,관악구,126.9741242,37.47155143,0,2,0,17,1,5626.0,124.0,2
ㅼ_4841,관악구,126.9175809,37.47128625,1,17,0,19,0,8986.0,,2
ㅼ_5440,관악구,126.9854947,37.46258786,0,0,0,1,0,571.0,931.0,2
ㅼ_5442,관악구,126.9853711,37.48061456,0,15,0,15,1,5348.0,14350.0,2
ㅼ_4943,관악구,126.9287523,37.48936795,0,26,1,43,1,8964.0,5078.0,2
ㅼ_4939,관악구,126.9290266,37.4533149,0,0,0,0,0,,0.0,2
ㅼ_5142,관악구,126.9514409,37.48046189,0,37,1,49,0,6910.0,,2
ㅼ_4743,관악구,126.9061297,37.48925639,0,26,2,21,1,7862.0,11612.0,2
ㅼ_4740,관악구,126.9063436,37.46221674,0,15,0,10,0,9960.0,30820.0,2
ㅼ_5237,관악구,126.9630732,37.43544719,0,0,0,0,0,,,2
ㅼ_5038,관악구,126.9403997,37.44435567,0,0,0,0,0,,,2
ㅼ_5137,관악구,126.95177,37.43539531,0,0,0,0,0,,,2
ㅼ_5239,관악구,126.9629444,37.4534739,0,0,0,0,0,,,2
ㅼ_5340,관악구,126.9741873,37.46253809,0,0,0,0,0,,,2
ㅼ_5037,관악구,126.9404668,37.43534234,0,0,0,0,0,,,2
ㅼ_5144,관악구,126.9513091,37.49848843,0,11,0,20,0,9156.0,30760.0,2
ㅼ_5138,관악구,126.9517042,37.44440865,0,0,0,0,0,,,2
ㅼ_5139,관악구,126.9516384,37.45342198,0,0,0,2,0,,,2
ㅼ_5238,관악구,126.9630088,37.44446056,0,0,0,0,0,,,2
ㅼ_4938,관악구,126.9290951,37.44430161,0,0,0,0,0,,,2
ㅼ_5338,관악구,126.9743135,37.44451138,0,0,0,0,0,,,2
ㅼ_5439,관악구,126.9855564,37.4535745,0,0,0,0,0,,,2
ㅼ_5339,관악구,126.9742504,37.45352474,0,0,0,0,0,,,2
ㅼ_6249,광진구,127.0754956,37.54406782,0,11,1,17,1,1387.0,9858.0,1
ㅼ_6451,광진구,127.0980385,37.56217376,0,0,0,0,0,1214.0,3852.0,1
ㅼ_6349,광진구,127.0868154,37.54410797,0,7,0,19,1,8484.0,31682.0,1
ㅼ_6350,광진구,127.0867657,37.55312133,0,18,0,28,0,7210.0,25303.0,1
ㅼ_6352,광진구,127.0866661,37.571148,0,7,0,12,0,7312.0,11044.0,1
ㅼ_6348,광진구,127.0868652,37.5350946,0,20,1,24,0,6289.0,24111.0,1
ㅼ_6448,광진구,127.0981837,37.53513365,1,8,0,2,0,4573.0,,1
ㅼ_6149,광진구,127.0641758,37.54402658,0,11,0,48,0,3483.0,2662.0,1
ㅼ_6150,광진구,127.0641233,37.55303991,1,4,0,11,0,2201.0,6732.0,1
ㅼ_6450,광진구,127.0980869,37.55316041,0,3,0,0,0,4951.0,15943.0,1
ㅼ_6347,광진구,127.0869149,37.52608121,0,1,0,2,0,2562.0,,1
ㅼ_6248,광진구,127.0755467,37.53505446,1,16,0,35,2,12237.0,40245.0,1
ㅼ_6351,광진구,127.0867159,37.56213467,0,15,0,14,3,7966.0,27682.0,1
ㅼ_6251,광진구,127.0753933,37.56209449,0,8,0,24,0,6323.0,611.0,1
ㅼ_6449,광진구,127.0981353,37.54414704,0,9,0,8,1,7727.0,27226.0,1
ㅼ_6247,광진구,127.0755977,37.52604109,0,0,0,6,0,2004.0,,1
ㅼ_6550,광진구,127.1094081,37.5531984,0,2,0,3,0,1273.0,3485.0,1
ㅼ_6148,광진구,127.0642282,37.53501324,0,11,0,23,1,6642.0,1667.0,1
ㅼ_6250,광진구,127.0754445,37.55308116,0,14,0,22,0,6124.0,2597.0,1
ㅼ_6252,광진구,127.0753422,37.57110781,1,18,0,18,1,11284.0,3334.0,1
ㅼ_6549,광진구,127.1094552,37.54418502,0,0,0,3,0,2226.0,,1
ㅼ_6147,광진구,127.0642807,37.52599988,0,0,0,0,0,94.0,,1
ㅼ_6650,광진구,127.1207294,37.55323531,0,1,0,8,0,3085.0,,1
ㅼ_6452,광진구,127.09799,37.5711871,0,0,0,0,0,,,1
ㅼ_6552,광진구,127.109314,37.57122512,0,0,0,0,0,,,1
ㅼ_6548,광진구,127.1095022,37.53517162,0,4,0,6,0,2077.0,6146.0,1
ㅼ_6447,광진구,127.098232,37.52612026,0,1,0,0,0,148.0,456.0,1
ㅼ_6048,광진구,127.0529098,37.53497093,0,11,0,13,1,3908.0,13620.0,1
ㅼ_6551,광진구,127.1093611,37.56221177,0,0,0,0,0,,,1
ㅼ_6047,광진구,127.0529636,37.52595758,0,10,0,11,0,3855.0,,1
ㅼ_4242,구로구,126.849652,37.47994545,0,2,0,2,0,2360.0,6603.0,2
ㅼ_4444,구로구,126.8721206,37.49809408,0,3,0,7,0,3664.0,11773.0,2
ㅼ_4544,구로구,126.8834332,37.49815366,0,14,0,22,1,6744.0,20772.0,2
ㅼ_4543,구로구,126.8835073,37.48914051,0,26,1,26,0,8211.0,445.0,2
ㅼ_3942,구로구,126.8157229,37.47975382,0,0,0,4,0,1553.0,3699.0,2
ㅼ_4645,구로구,126.894673,37.50722532,0,12,0,14,0,7900.0,18884.0,2
ㅼ_4643,구로구,126.8948185,37.48919899,0,26,0,26,3,8988.0,6218.0,2
ㅼ_4546,구로구,126.8832849,37.51617993,0,4,0,17,0,6476.0,14861.0,2
ㅼ_4044,구로구,126.8268708,37.4978449,0,2,0,9,0,4474.0,13602.0,2
ㅼ_4144,구로구,126.8381832,37.49790882,0,4,0,22,2,6654.0,20796.0,2
ㅼ_4244,구로구,126.8494957,37.49797165,0,5,0,16,0,10408.0,31119.0,2
ㅼ_4445,구로구,126.8720452,37.5071072,0,2,0,8,0,2812.0,4998.0,2
ㅼ_4642,구로구,126.8948912,37.48018581,0,23,0,39,1,4223.0,10342.0,2
ㅼ_3943,구로구,126.8156407,37.48876687,0,1,0,3,0,608.0,1790.0,2
ㅼ_4143,구로구,126.8382628,37.48889574,0,15,0,9,0,6179.0,17054.0,2
ㅼ_4043,구로구,126.8269517,37.48883185,0,1,0,5,0,2757.0,8565.0,2
ㅼ_4345,구로구,126.8607313,37.50704651,0,13,0,15,1,10917.0,14173.0,2
ㅼ_4344,구로구,126.8608081,37.49803341,0,16,1,13,0,9266.0,26777.0,2
ㅼ_3941,구로구,126.8158051,37.47074076,0,0,0,0,0,407.0,933.0,2
ㅼ_4045,구로구,126.8267899,37.50685794,0,0,0,0,0,640.0,1934.0,2
ㅼ_4742,구로구,126.9062011,37.48024319,0,16,1,26,0,8784.0,13245.0,2
ㅼ_4245,구로구,126.8494175,37.50698473,0,10,0,12,0,7547.0,4786.0,2
ㅼ_4542,구로구,126.8835813,37.48012734,1,17,0,22,1,1308.0,2013.0,2
ㅼ_3944,구로구,126.8155585,37.4977799,0,1,0,2,0,1321.0,3580.0,2
ㅼ_4142,구로구,126.8383423,37.47988266,0,2,0,2,0,3958.0,10958.0,2
ㅼ_4145,구로구,126.8381037,37.50692188,0,1,0,6,0,2922.0,7024.0,2
ㅼ_4545,구로구,126.883359,37.5071668,0,18,0,14,0,11956.0,34067.0,2
ㅼ_4243,구로구,126.8495738,37.48895856,0,4,0,10,0,7485.0,22419.0,2
ㅼ_4644,구로구,126.8947457,37.49821217,0,13,1,23,1,6231.0,11336.0,2
ㅼ_4042,구로구,126.8270326,37.47981878,0,1,0,1,0,4301.0,9726.0,2
ㅼ_4343,구로구,126.8608849,37.48902029,0,12,0,5,1,6404.0,16886.0,2
ㅼ_4443,구로구,126.8721961,37.48908094,0,3,0,4,0,3197.0,0.0,2
ㅼ_4446,구로구,126.8719696,37.5161203,0,5,0,8,0,7934.0,26422.0,2
ㅼ_4241,구로구,126.8497301,37.47093233,0,0,0,0,0,,,2
ㅼ_4141,구로구,126.8384217,37.47086956,0,0,0,0,0,,,2
ㅼ_4743,구로구,126.9061297,37.48925639,0,26,2,21,1,7862.0,11612.0,2
ㅼ_4041,구로구,126.8271134,37.4708057,0,0,0,0,0,,,2
ㅼ_4646,구로구,126.8946002,37.51623847,0,14,0,13,1,6488.0,17623.0,2
ㅼ_4543,금천구,126.8835073,37.48914051,0,26,1,26,0,8211.0,445.0,2
ㅼ_4740,금천구,126.9063436,37.46221674,0,15,0,10,0,9960.0,30820.0,2
ㅼ_4839,금천구,126.9177207,37.45325974,0,3,0,1,1,6283.0,16969.0,2
ㅼ_4638,금천구,126.8951816,37.44413292,0,0,0,4,0,1592.0,4750.0,2
ㅼ_4741,금천구,126.9062724,37.47122997,0,8,0,6,1,6410.0,19974.0,2
ㅼ_4742,금천구,126.9062011,37.48024319,0,16,1,26,0,8784.0,13245.0,2
ㅼ_4542,금천구,126.8835813,37.48012734,1,17,0,22,1,1308.0,2013.0,2
ㅼ_4739,금천구,126.9064149,37.45320349,1,35,0,24,0,9536.0,28995.0,2
ㅼ_4539,금천구,126.8838033,37.45308776,0,1,0,1,0,688.0,1798.0,2
ㅼ_4642,금천구,126.8948912,37.48018581,0,23,0,39,1,4223.0,10342.0,2
ㅼ_4838,금천구,126.9177906,37.44424646,0,1,0,0,0,1904.0,5617.0,2
ㅼ_4442,금천구,126.8722715,37.48006779,0,1,0,5,0,111.0,1994.0,2
ㅼ_4641,금천구,126.8949638,37.47117261,0,16,0,28,0,5727.0,24737.0,2
ㅼ_4738,금천구,126.9064861,37.44419023,0,8,0,6,0,5477.0,15846.0,2
ㅼ_4443,금천구,126.8721961,37.48908094,0,3,0,4,0,3197.0,0.0,2
ㅼ_4540,금천구,126.8837293,37.46210097,0,2,0,3,0,1735.0,4625.0,2
ㅼ_4541,금천구,126.8836553,37.47111416,0,1,0,13,0,383.0,2446.0,2
ㅼ_4640,금천구,126.8950365,37.46215939,0,8,0,24,1,8262.0,26691.0,2
ㅼ_4737,금천구,126.9065573,37.43517696,0,0,0,1,0,949.0,2613.0,2
ㅼ_4639,금천구,126.8951091,37.45314617,0,6,1,16,1,3447.0,11220.0,2
ㅼ_4939,금천구,126.9290266,37.4533149,0,0,0,0,0,,0.0,2
ㅼ_4840,금천구,126.9176508,37.462273,0,5,0,5,1,5732.0,1209.0,2
ㅼ_4837,금천구,126.9178604,37.43523317,0,0,0,0,0,,,2
ㅼ_4637,금천구,126.8952542,37.43511967,0,0,0,0,0,,,2
ㅼ_4441,금천구,126.8723469,37.47105463,0,0,0,0,0,,,2
ㅼ_4938,금천구,126.9290951,37.44430161,0,0,0,0,0,,,2
ㅼ_6359,노원구,127.0863169,37.63424092,1,8,0,0,0,,0.0,1
ㅼ_6165,노원구,127.0633332,37.68823821,0,0,0,0,0,,50.0,1
ㅼ_6360,노원구,127.0862669,37.64325414,0,2,0,1,0,1749.0,6906.0,1
ㅼ_6364,노원구,127.0860667,37.67930687,0,0,0,1,0,143.0,314.0,1
ㅼ_6157,노원구,127.0637552,37.61613284,0,10,0,12,0,10152.0,9610.0,1
ㅼ_5958,노원구,127.0410384,37.62506008,0,7,0,11,0,6972.0,431.0,1
ㅼ_6260,노원구,127.074932,37.64321384,0,4,0,7,0,7415.0,22736.0,1
ㅼ_6257,노원구,127.075086,37.61617418,0,16,0,31,0,8036.0,16691.0,1
ㅼ_6560,노원구,127.1089367,37.64333146,0,0,0,1,0,11.0,81.0,1
ㅼ_6158,노원구,127.0637026,37.62514606,0,9,0,9,0,7913.0,24060.0,1
ㅼ_6357,노원구,127.0864167,37.61621444,0,3,0,7,1,7006.0,19650.0,1
ㅼ_6264,노원구,127.0747264,37.67926653,0,0,0,0,0,,120.0,1
ㅼ_6162,노원구,127.0634917,37.6611988,0,19,0,29,1,11566.0,36685.0,1
ㅼ_6164,노원구,127.0633861,37.67922509,0,0,0,0,0,694.0,1916.0,1
ㅼ_6058,노원구,127.0523705,37.62510361,0,9,0,11,1,7825.0,4346.0,1
ㅼ_5959,노원구,127.040983,37.63407326,0,7,0,12,0,8306.0,11130.0,1
ㅼ_6163,노원구,127.0634389,37.67021195,0,1,0,3,0,5397.0,17753.0,1
ㅼ_6365,노원구,127.0860167,37.68832002,0,0,0,0,0,,6.0,1
ㅼ_6262,노원구,127.0748292,37.66124021,0,21,0,17,0,11699.0,35198.0,1
ㅼ_6063,노원구,127.0520999,37.67016944,0,15,0,15,0,11293.0,7361.0,1
ㅼ_6263,노원구,127.0747778,37.67025338,0,5,0,8,1,4121.0,11106.0,1
ㅼ_6559,노원구,127.1089839,37.63431822,0,0,0,0,0,19.0,45.0,1
ㅼ_6062,노원구,127.0521541,37.6611563,0,6,0,4,0,7780.0,13215.0,1
ㅼ_6160,노원구,127.0635972,37.64317246,0,12,0,12,1,10478.0,31375.0,1
ㅼ_6061,노원구,127.0522082,37.65214315,0,11,0,14,1,6537.0,15045.0,1
ㅼ_6057,노원구,127.0524245,37.61609041,0,12,0,12,0,6440.0,17178.0,1
ㅼ_6362,노원구,127.0861669,37.66128053,0,0,0,0,0,,0.0,1
ㅼ_6064,노원구,127.0520458,37.67918256,0,9,0,15,1,9899.0,9142.0,1
ㅼ_6363,노원구,127.0861168,37.67029371,0,3,0,0,0,3472.0,9841.0,1
ㅼ_6258,노원구,127.0750347,37.62518742,0,23,0,37,1,9593.0,32678.0,1
ㅼ_6358,노원구,127.0863668,37.62522769,0,4,1,6,0,7119.0,23060.0,1
ㅼ_6259,노원구,127.0749834,37.63420064,0,9,1,3,0,3551.0,12970.0,1
ㅼ_6065,노원구,127.0519915,37.68819567,0,3,0,3,1,4686.0,9082.0,1
ㅼ_6458,노원구,127.097699,37.62526687,0,0,0,0,0,62.0,267.0,1
ㅼ_6261,노원구,127.0748806,37.65222703,0,16,0,17,1,11191.0,40228.0,1
ㅼ_6361,노원구,127.0862169,37.65226734,0,3,0,0,0,2205.0,8031.0,1
ㅼ_6060,노원구,127.0522623,37.64312999,0,1,0,5,0,3712.0,9479.0,1
ㅼ_6161,노원구,127.0635444,37.65218564,1,42,1,25,1,7972.0,26704.0,1
ㅼ_6059,노원구,127.0523164,37.63411681,0,4,0,8,0,2897.0,8025.0,1
ㅼ_6159,노원구,127.0636499,37.63415927,0,11,0,13,1,12172.0,37805.0,1
ㅼ_6457,노원구,127.0977475,37.61625361,0,11,1,2,1,3485.0,10390.0,1
ㅼ_6460,노원구,127.0976018,37.64329334,0,0,0,0,0,,,1
ㅼ_6461,노원구,127.0975531,37.65230656,0,0,0,0,0,,,1
ㅼ_6266,노원구,127.0746234,37.69729279,0,0,0,0,0,,,1
ㅼ_6459,노원구,127.0976504,37.63428011,0,0,0,0,0,,,1
ㅼ_6166,노원구,127.0632804,37.69725132,0,0,0,0,0,,,1
ㅼ_6464,노원구,127.0974071,37.67934613,0,0,0,0,0,,,1
ㅼ_6463,노원구,127.0974558,37.67033296,0,0,0,0,0,,,1
ㅼ_5960,노원구,127.0409275,37.64308642,0,9,0,9,0,8459.0,26733.0,1
ㅼ_6366,노원구,127.0859665,37.69733316,0,0,0,0,0,,,1
ㅼ_6462,노원구,127.0975045,37.66131977,0,0,0,0,0,,,1
ㅼ_6558,노원구,127.1090311,37.62530496,0,0,0,0,0,,,1
ㅼ_6557,노원구,127.1090783,37.61629169,0,0,0,1,0,3613.0,9805.0,1
ㅼ_6465,노원구,127.0973584,37.68835929,0,0,0,0,0,,,1
ㅼ_6265,노원구,127.0746749,37.68827966,0,0,0,0,0,,,1
ㅼ_5766,도봉구,127.0179083,37.69707455,0,0,0,0,0,,0.0,1
ㅼ_5966,도봉구,127.0405943,37.69716512,0,0,0,0,0,,32.0,1
ㅼ_6060,도봉구,127.0522623,37.64312999,0,1,0,5,0,3712.0,9479.0,1
ㅼ_5765,도봉구,127.0179667,37.6880615,0,0,0,0,0,,0.0,1
ㅼ_5863,도봉구,127.0294221,37.67008114,0,1,0,9,0,2912.0,8598.0,1
ㅼ_5960,도봉구,127.0409275,37.64308642,0,9,0,9,0,8459.0,26733.0,1
ㅼ_5864,도봉구,127.0293652,37.67909423,0,0,0,0,0,42.0,99.0,1
ㅼ_5962,도봉구,127.0408166,37.66111271,1,20,0,16,2,10912.0,33099.0,1
ㅼ_5965,도봉구,127.0406499,37.68815204,0,2,0,6,0,2308.0,5985.0,1
ㅼ_6064,도봉구,127.0520458,37.67918256,0,9,0,15,1,9899.0,9142.0,1
ㅼ_5961,도봉구,127.0408721,37.65209957,1,12,0,19,0,9589.0,29128.0,1
ㅼ_5963,도봉구,127.040761,37.67012583,0,14,0,26,0,8634.0,24925.0,1
ㅼ_5964,도봉구,127.0407055,37.67913894,0,4,0,10,1,4140.0,10721.0,1
ㅼ_6065,도봉구,127.0519915,37.68819567,0,3,0,3,1,4686.0,9082.0,1
ㅼ_5860,도봉구,127.0295928,37.64304177,0,16,2,32,3,9637.0,14715.0,1
ㅼ_5764,도봉구,127.018025,37.67904844,0,0,0,0,0,,0.0,1
ㅼ_5865,도봉구,127.0293083,37.68810732,0,0,0,0,0,,16.0,1
ㅼ_5959,도봉구,127.040983,37.63407326,0,7,0,12,0,8306.0,11130.0,1
ㅼ_5762,도봉구,127.0181415,37.66102226,0,4,0,5,0,3956.0,8525.0,1
ㅼ_5761,도봉구,127.0181998,37.65200915,0,11,0,10,0,5630.0,11675.0,1
ㅼ_5861,도봉구,127.0295359,37.65205491,0,11,0,17,0,8639.0,26727.0,1
ㅼ_5862,도봉구,127.029479,37.66106803,0,10,0,21,1,12995.0,37780.0,1
ㅼ_6063,도봉구,127.0520999,37.67016944,0,15,0,15,0,11293.0,7361.0,1
ㅼ_5859,도봉구,127.0296496,37.63402862,1,31,0,13,1,6041.0,119.0,1
ㅼ_6061,도봉구,127.0522082,37.65214315,0,11,0,14,1,6537.0,15045.0,1
ㅼ_6062,도봉구,127.0521541,37.6611563,0,6,0,4,0,7780.0,13215.0,1
ㅼ_5664,도봉구,127.0066848,37.67900155,0,0,0,0,0,,,1
ㅼ_5866,도봉구,127.0292513,37.69712038,0,0,0,0,0,,,1
ㅼ_5665,도봉구,127.0066251,37.6880146,0,0,0,0,0,,,1
ㅼ_5666,도봉구,127.0065654,37.69702763,0,0,0,0,0,,,1
ㅼ_6066,도봉구,127.0519373,37.69720877,0,0,0,0,0,,,1
ㅼ_5763,도봉구,127.0180833,37.67003536,0,0,0,0,0,,,1
ㅼ_5661,도봉구,127.0068637,37.65196231,0,0,0,7,0,1464.0,,1
ㅼ_6051,동대문구,127.0527482,37.56201088,0,9,0,14,1,4162.0,12576.0,2
ㅼ_5954,동대문구,127.0412599,37.58900723,0,10,0,8,1,6243.0,784.0,2
ㅼ_6156,동대문구,127.0638079,37.60711961,1,17,0,13,0,8730.0,18364.0,2
ㅼ_6255,동대문구,127.0751885,37.59814768,0,17,0,21,1,7719.0,22364.0,2
ㅼ_6154,동대문구,127.0639131,37.5890931,0,11,1,8,0,6514.0,22963.0,2
ㅼ_6054,동대문구,127.0525865,37.58905071,0,24,0,34,2,7001.0,26605.0,2
ㅼ_5953,동대문구,127.0413152,37.57999398,0,81,0,15,1,5646.0,15305.0,2
ㅼ_5955,동대문구,127.0412046,37.59802046,0,6,0,5,0,6585.0,19426.0,2
ㅼ_5752,동대문구,127.0187228,37.57089056,0,17,0,38,1,7136.0,12383.0,2
ㅼ_6055,동대문구,127.0525325,37.59806395,0,2,1,22,0,1170.0,,2
ㅼ_5952,동대문구,127.0413705,37.57098072,0,10,0,10,1,6770.0,8969.0,2
ㅼ_6251,동대문구,127.0753933,37.56209449,0,8,0,24,0,6323.0,611.0,2
ㅼ_5753,동대문구,127.0186648,37.57990379,0,12,0,25,1,8913.0,12733.0,2
ㅼ_6053,동대문구,127.0526404,37.58003744,0,17,1,21,1,8264.0,24214.0,2
ㅼ_6152,동대문구,127.0640182,37.57106653,0,19,0,42,1,12348.0,36397.0,2
ㅼ_5854,동대문구,127.0299333,37.58896266,0,8,1,24,0,1341.0,4797.0,2
ㅼ_6252,동대문구,127.0753422,37.57110781,1,18,0,18,1,11284.0,3334.0,2
ㅼ_6256,동대문구,127.0751373,37.60716094,0,8,0,19,0,7865.0,23122.0,2
ㅼ_5853,동대문구,127.02999,37.57994943,0,19,0,26,0,5508.0,2745.0,2
ㅼ_6153,동대문구,127.0639657,37.58007982,0,13,0,13,1,7591.0,21964.0,2
ㅼ_6151,동대문구,127.0640708,37.56205323,0,15,0,29,0,3909.0,2124.0,2
ㅼ_5852,동대문구,127.0300466,37.57093618,0,16,1,17,1,7866.0,15620.0,2
ㅼ_6052,동대문구,127.0526944,37.57102417,0,15,0,24,1,9808.0,404.0,2
ㅼ_6253,동대문구,127.075291,37.58012111,0,6,0,12,2,8072.0,6010.0,2
ㅼ_6155,동대문구,127.0638605,37.59810636,0,18,0,14,1,6999.0,,2
ㅼ_6254,동대문구,127.0752398,37.5891344,0,13,0,28,1,7093.0,23260.0,2
ㅼ_5146,동작구,126.9511771,37.51651491,0,4,0,2,1,1151.0,,2
ㅼ_5344,동작구,126.9739346,37.49859136,0,0,0,1,0,404.0,1089.0,2
ㅼ_5243,동작구,126.9626864,37.48952716,0,8,0,9,0,11067.0,14017.0,2
ㅼ_4844,동작구,126.917371,37.49832592,0,12,0,16,2,8855.0,16408.0,2
ㅼ_5045,동작구,126.939929,37.50744858,0,23,0,21,1,9623.0,30289.0,2
ㅼ_5143,동작구,126.951375,37.48947517,0,18,1,16,0,13221.0,4243.0,2
ㅼ_5245,동작구,126.9625572,37.5075537,1,23,1,10,0,6381.0,,2
ㅼ_5343,동작구,126.9739978,37.48957806,0,7,0,21,0,13990.0,38987.0,2
ㅼ_4845,동작구,126.9173009,37.50733912,1,9,0,15,0,9950.0,29555.0,2
ㅼ_5442,동작구,126.9853711,37.48061456,0,15,0,15,1,5348.0,14350.0,2
ㅼ_4943,동작구,126.9287523,37.48936795,0,26,1,43,1,8964.0,5078.0,2
ㅼ_5043,동작구,126.9400636,37.4894221,0,7,0,12,1,9376.0,536.0,2
ㅼ_4945,동작구,126.928615,37.50739439,0,7,0,8,1,7460.0,261.0,2
ㅼ_5341,동작구,126.9741242,37.47155143,0,2,0,17,1,5626.0,124.0,2
ㅼ_5444,동작구,126.9852474,37.49864119,0,3,0,7,0,4534.0,11867.0,2
ㅼ_4843,동작구,126.917441,37.48931271,0,12,0,24,1,5989.0,5509.0,2
ㅼ_5443,동작구,126.9853093,37.48962788,0,26,0,26,1,7444.0,21504.0,2
ㅼ_5242,동작구,126.9627509,37.48051386,0,9,0,18,1,6181.0,2330.0,2
ㅼ_5345,동작구,126.9738713,37.50760464,0,1,0,0,0,1624.0,,2
ㅼ_5046,동작구,126.9398617,37.51646179,0,13,1,21,0,2837.0,6059.0,2
ㅼ_5244,동작구,126.9626218,37.49854044,0,0,0,1,0,2833.0,8638.0,2
ㅼ_4946,동작구,126.9285462,37.51640759,0,24,0,18,0,5500.0,10861.0,2
ㅼ_5342,동작구,126.974061,37.48056475,0,18,0,35,2,10524.0,36696.0,2
ㅼ_4944,동작구,126.9286836,37.49838117,0,21,0,32,0,10466.0,37509.0,2
ㅼ_5144,동작구,126.9513091,37.49848843,0,11,0,20,0,9156.0,30760.0,2
ㅼ_4743,동작구,126.9061297,37.48925639,0,26,2,21,1,7862.0,11612.0,2
ㅼ_5246,동작구,126.9624926,37.51656695,0,0,0,0,0,461.0,1141.0,2
ㅼ_4744,동작구,126.9060583,37.49826959,0,17,0,15,0,9834.0,27825.0,2
ㅼ_5145,동작구,126.9512431,37.50750168,0,10,0,17,0,9878.0,31893.0,2
ㅼ_5044,동작구,126.9399963,37.49843534,0,10,0,11,0,11163.0,34500.0,2
ㅼ_5445,동작구,126.9851855,37.50765449,0,0,0,0,0,0.0,,2
ㅼ_5149,마포구,126.9509789,37.54355453,0,38,0,30,1,9326.0,974.0,1
ㅼ_5249,마포구,126.9622985,37.54360662,0,15,0,21,0,6755.0,17349.0,1
ㅼ_4651,마포구,126.8942357,37.56130398,0,0,0,9,0,1553.0,4967.0,1
ㅼ_4653,마포구,126.8940897,37.57933009,0,17,0,13,1,2630.0,1609.0,1
ㅼ_5148,마포구,126.951045,37.53454134,0,5,0,11,0,9270.0,17503.0,1
ㅼ_5151,마포구,126.9508467,37.56158087,0,11,0,15,0,7214.0,22322.0,1
ㅼ_4752,마포구,126.9054862,37.57037461,0,10,0,15,1,9709.0,5775.0,1
ㅼ_4949,마포구,126.9283399,37.5434471,0,3,0,10,1,4632.0,,1
ㅼ_4950,마포구,126.9282711,37.55246024,0,18,1,31,0,4947.0,46.0,1
ㅼ_4850,마포구,126.9169502,37.55240488,1,18,0,57,1,3347.0,15661.0,1
ㅼ_4749,마포구,126.905701,37.54333533,0,0,0,4,0,40.0,,1
ㅼ_4851,마포구,126.91688,37.561418,0,9,0,36,0,5586.0,22152.0,1
ㅼ_4952,마포구,126.9281333,37.57048649,0,10,0,15,1,3253.0,11012.0,1
ㅼ_5049,마포구,126.9396594,37.54350136,0,12,0,24,1,9922.0,,1
ㅼ_4650,마포구,126.8943087,37.55229091,0,4,0,7,0,640.0,,1
ㅼ_5250,마포구,126.9622337,37.55261981,0,19,0,18,0,10247.0,6054.0,1
ㅼ_5048,마포구,126.9397269,37.53448818,0,0,0,6,0,308.0,,1
ㅼ_4849,마포구,126.9170204,37.54339176,0,1,0,6,0,1823.0,,1
ㅼ_4554,마포구,126.8826904,37.58828443,0,1,0,3,0,2183.0,434.0,1
ㅼ_5251,마포구,126.962169,37.56163299,0,8,0,19,1,6987.0,4796.0,1
ㅼ_5150,마포구,126.9509128,37.55256771,0,16,0,15,0,10067.0,0.0,1
ㅼ_5050,마포구,126.9395919,37.55251452,1,23,0,27,0,4672.0,1072.0,1
ㅼ_4652,마포구,126.8941627,37.57031704,0,0,0,4,0,1575.0,4468.0,1
ㅼ_4750,마포구,126.9056294,37.55234844,0,11,0,37,1,7681.0,27109.0,1
ㅼ_4951,마포구,126.9282022,37.56147337,0,8,0,36,1,4486.0,15170.0,1
ㅼ_4751,마포구,126.9055578,37.56136153,1,12,0,31,0,9200.0,32978.0,1
ㅼ_4852,마포구,126.9168097,37.57043109,0,17,0,11,0,9925.0,21966.0,1
ㅼ_4553,마포구,126.8827649,37.57927142,0,1,0,12,0,3478.0,10935.0,1
ㅼ_4454,마포구,126.8713643,37.58822465,0,0,0,0,0,,,1
ㅼ_4252,마포구,126.8488691,37.57007591,0,3,0,4,0,4673.0,,1
ㅼ_4453,마포구,126.8714401,37.57921166,0,0,0,1,0,,,1
ㅼ_4654,마포구,126.8940166,37.58834312,0,0,0,2,0,1886.0,5739.0,1
ㅼ_4451,마포구,126.8715915,37.56118562,0,0,0,0,0,450.0,,1
ㅼ_4352,마포구,126.8601924,37.57013782,0,0,0,0,0,399.0,,1
ㅼ_4452,마포구,126.8715158,37.57019865,0,0,0,1,0,,,1
ㅼ_4351,마포구,126.8602695,37.56112482,0,11,0,8,0,9190.0,,1
ㅼ_4649,마포구,126.8943816,37.54327782,0,2,0,4,0,2002.0,7610.0,1
ㅼ_4753,마포구,126.9054146,37.57938768,0,13,0,20,0,7048.0,5679.0,1
ㅼ_4353,마포구,126.8601153,37.57915081,0,0,0,0,0,,,1
ㅼ_4551,마포구,126.8829136,37.56124535,0,0,0,1,0,,,1
ㅼ_4550,마포구,126.8829879,37.55223229,0,0,0,0,0,375.0,,1
ㅼ_4552,마포구,126.8828393,37.57025839,0,0,0,0,0,,,1
ㅼ_4852,서대문구,126.9168097,37.57043109,0,17,0,11,0,9925.0,21966.0,0
ㅼ_4854,서대문구,126.9166691,37.58845725,1,17,0,21,1,10409.0,26831.0,0
ㅼ_5154,서대문구,126.9506481,37.58862028,0,15,0,6,0,6528.0,19509.0,0
ㅼ_5151,서대문구,126.9508467,37.56158087,0,11,0,15,0,7214.0,22322.0,0
ㅼ_5152,서대문구,126.9507805,37.57059402,0,3,0,3,0,1651.0,4984.0,0
ㅼ_4953,서대문구,126.9280644,37.57949959,1,7,0,17,1,6762.0,22266.0,0
ㅼ_4753,서대문구,126.9054146,37.57938768,0,13,0,20,0,7048.0,5679.0,0
ㅼ_5052,서대문구,126.9394569,37.5705408,0,0,0,4,0,1151.0,4293.0,0
ㅼ_5351,서대문구,126.9734913,37.56168403,0,27,0,31,3,983.0,3217.0,0
ㅼ_5252,서대문구,126.9621042,37.57064616,1,26,1,13,2,8980.0,,0
ㅼ_4853,서대문구,126.9167394,37.57944418,0,13,0,29,1,14599.0,2217.0,0
ㅼ_4952,서대문구,126.9281333,37.57048649,0,10,0,15,1,3253.0,11012.0,0
ㅼ_5054,서대문구,126.9393217,37.58856702,0,12,0,17,1,6677.0,18890.0,0
ㅼ_5055,서대문구,126.9392541,37.59758012,0,7,0,9,0,5592.0,4072.0,0
ㅼ_4752,서대문구,126.9054862,37.57037461,0,10,0,15,1,9709.0,5775.0,0
ㅼ_5050,서대문구,126.9395919,37.55251452,1,23,0,27,0,4672.0,1072.0,0
ㅼ_4954,서대문구,126.9279954,37.58851268,0,2,0,7,0,5259.0,10911.0,0
ㅼ_5053,서대문구,126.9393893,37.57955392,1,5,1,4,1,3708.0,11614.0,0
ㅼ_5051,서대문구,126.9395244,37.56152767,0,17,1,26,1,802.0,6521.0,0
ㅼ_5156,서대문구,126.9505155,37.60664649,0,0,0,3,0,1590.0,735.0,0
ㅼ_5251,서대문구,126.962169,37.56163299,0,8,0,19,1,6987.0,4796.0,0
ㅼ_4950,서대문구,126.9282711,37.55246024,0,18,1,31,0,4947.0,46.0,0
ㅼ_5150,서대문구,126.9509128,37.55256771,0,16,0,15,0,10067.0,0.0,0
ㅼ_5153,서대문구,126.9507143,37.57960716,0,2,0,5,0,3447.0,638.0,0
ㅼ_5155,서대문구,126.9505818,37.59763339,0,5,0,7,1,5857.0,348.0,0
ㅼ_4955,서대문구,126.9279264,37.59752575,0,17,0,8,1,9031.0,24975.0,0
ㅼ_4951,서대문구,126.9282022,37.56147337,0,8,0,36,1,4486.0,15170.0,0
ㅼ_4754,서대문구,126.9053429,37.58840073,0,6,0,15,1,6426.0,18955.0,0
ㅼ_5255,서대문구,126.9619096,37.59768558,0,4,0,5,1,1655.0,5309.0,0
ㅼ_5253,서대문구,126.9620393,37.57965932,0,4,1,6,0,3465.0,10661.0,0
ㅼ_5056,서대문구,126.9391864,37.60659319,0,8,0,1,0,3764.0,10568.0,0
ㅼ_5254,서대문구,126.9619745,37.58867246,0,0,0,3,0,615.0,1767.0,0
ㅼ_5941,서초구,127.041977,37.47183393,0,9,0,27,0,4384.0,16030.0,1
ㅼ_5739,서초구,127.0194746,37.45371728,0,0,0,0,0,1448.0,4578.0,1
ㅼ_5646,서초구,127.0077548,37.51676426,0,3,0,5,0,4607.0,,1
ㅼ_5441,서초구,126.9854329,37.47160122,0,4,0,2,0,2173.0,4355.0,1
ㅼ_5641,서초구,127.0080504,37.47169755,0,0,0,0,0,83.0,230.0,1
ㅼ_5842,서초구,127.0306117,37.48080295,0,9,0,16,0,963.0,2428.0,1
ㅼ_6440,서초구,127.0985699,37.46302608,0,0,0,5,0,3485.0,0.0,1
ㅼ_5545,서초구,126.9964997,37.50770326,0,5,0,6,1,4865.0,13591.0,1
ㅼ_6239,서초구,127.0760055,37.45393361,0,0,0,0,0,133.0,325.0,1
ㅼ_5940,서초구,127.042032,37.4628205,0,3,0,1,0,340.0,1061.0,1
ㅼ_6139,서초구,127.0646993,37.45389251,0,0,0,1,0,3253.0,8039.0,1
ㅼ_5740,서초구,127.019417,37.46273069,0,1,0,6,0,2544.0,6859.0,1
ㅼ_6038,서초구,127.0534467,37.44483685,0,2,0,2,0,680.0,1935.0,1
ㅼ_6041,서초구,127.0532859,37.47187722,0,1,0,3,0,2337.0,2600.0,1
ㅼ_5643,서초구,127.0079322,37.48972427,0,14,0,33,1,3852.0,14683.0,1
ㅼ_6240,서초구,127.0759546,37.4629471,0,0,0,0,0,41.0,107.0,1
ㅼ_6338,서초구,127.0873613,37.44496013,0,0,0,0,0,,6.0,1
ㅼ_6339,서초구,127.0873118,37.45397364,0,0,0,0,0,137.0,343.0,1
ㅼ_5440,서초구,126.9854947,37.46258786,0,0,0,1,0,571.0,931.0,1
ㅼ_6037,서초구,127.0535002,37.43582337,0,0,0,0,0,,10.0,1
ㅼ_6236,서초구,127.0761581,37.42689308,0,0,0,0,0,,0.0,1
ㅼ_5645,서초구,127.0078139,37.50775094,1,20,0,4,1,7295.0,21166.0,1
ㅼ_5747,서초구,127.0190125,37.52582419,0,12,0,14,0,3225.0,977.0,1
ㅼ_5742,서초구,127.0193015,37.48075747,0,5,0,5,1,2773.0,8181.0,1
ㅼ_5544,서초구,126.9965602,37.49868995,0,5,0,10,0,6884.0,20009.0,1
ㅼ_5639,서초구,127.0081685,37.45367077,0,0,0,1,0,464.0,1415.0,1
ㅼ_6341,서초구,127.0872127,37.47200061,0,1,0,5,0,3082.0,45.0,1
ㅼ_5642,서초구,127.0079914,37.48071092,0,9,0,14,0,5206.0,16624.0,1
ㅼ_5445,서초구,126.9851855,37.50765449,0,0,0,0,0,0.0,,1
ㅼ_5543,서초구,126.9966207,37.48967662,0,6,0,7,0,5925.0,17778.0,1
ㅼ_5938,서초구,127.0421419,37.4447936,0,0,0,0,0,,0.0,1
ㅼ_5939,서초구,127.0420869,37.45380706,0,0,0,0,0,,9.0,1
ㅼ_5744,서초구,127.019186,37.4987842,0,13,0,30,0,12028.0,35295.0,1
ㅼ_6340,서초구,127.0872622,37.46298713,0,0,0,1,0,268.0,201.0,1
ㅼ_5540,서초구,126.9968021,37.46263656,0,0,0,0,0,,15.0,1
ㅼ_5741,서초구,127.0193593,37.47174409,0,0,0,3,0,2019.0,4294.0,1
ㅼ_6137,서초구,127.0648037,37.43586553,0,0,0,0,0,130.0,336.0,1
ㅼ_5841,서초구,127.0306681,37.47178955,0,4,0,3,1,2229.0,6696.0,1
ㅼ_5442,서초구,126.9853711,37.48061456,0,15,0,15,1,5348.0,14350.0,1
ㅼ_5942,서초구,127.041922,37.48084734,0,13,0,27,1,4043.0,10142.0,1
ㅼ_5745,서초구,127.0191282,37.50779755,1,23,0,50,0,5976.0,21959.0,1
ㅼ_5843,서초구,127.0305553,37.48981633,0,23,0,41,1,6370.0,16556.0,1
ㅼ_6039,서초구,127.0533931,37.45385032,0,0,0,4,0,2093.0,5094.0,1
ㅼ_5644,서초구,127.0078731,37.49873762,0,11,1,8,0,3035.0,8345.0,1
ㅼ_5444,서초구,126.9852474,37.49864119,0,3,0,7,0,4534.0,11867.0,1
ㅼ_5443,서초구,126.9853093,37.48962788,0,26,0,26,1,7444.0,21504.0,1
ㅼ_5541,서초구,126.9967417,37.47164992,0,0,0,0,0,805.0,2453.0,1
ㅼ_6040,서초구,127.0533395,37.46286378,0,0,0,0,0,327.0,770.0,1
ㅼ_5844,서초구,127.0304989,37.49882971,0,56,0,63,0,2393.0,1994.0,1
ㅼ_5542,서초구,126.9966812,37.48066328,0,13,0,15,1,5551.0,17474.0,1
ㅼ_5840,서초구,127.0307245,37.46277614,0,2,0,3,0,3160.0,8770.0,1
ㅼ_5746,서초구,127.0190704,37.51681088,0,33,0,40,1,4788.0,10843.0,1
ㅼ_6138,서초구,127.0647515,37.44487903,0,0,0,0,0,,36.0,1
ㅼ_5743,서초구,127.0192438,37.48977085,1,18,0,16,0,5436.0,18628.0,1
ㅼ_5640,서초구,127.0081095,37.46268416,0,3,0,0,0,,81.0,1
ㅼ_5647,서초구,127.0076955,37.52577756,0,0,0,1,0,1600.0,5077.0,1
ㅼ_6238,서초구,127.0760564,37.44492012,0,0,0,0,0,,,1
ㅼ_6036,서초구,127.0535538,37.42680987,0,0,0,0,0,,,1
ㅼ_5943,서초구,127.0418669,37.48986074,0,13,1,16,0,6986.0,,1
ㅼ_6136,서초구,127.0648559,37.42685202,0,0,0,0,0,,,1
ㅼ_5937,서초구,127.0421968,37.43578013,0,0,0,0,0,,,1
ㅼ_6439,서초구,127.098618,37.45401258,0,0,0,0,0,,,1
ㅼ_5936,서초구,127.0422517,37.42676665,0,0,0,0,0,,,1
ㅼ_6141,서초구,127.0645948,37.47191943,0,0,0,0,0,549.0,,1
ㅼ_6237,서초구,127.0761072,37.43590661,0,0,0,0,0,,,1
ㅼ_5839,서초구,127.0307808,37.45376271,0,0,0,0,0,,,1
ㅼ_6241,서초구,127.0759037,37.47196056,0,0,0,0,0,,,1
ㅼ_5838,서초구,127.0308371,37.44474927,0,0,0,0,0,,,1
ㅼ_5546,서초구,126.9964392,37.51671656,0,0,0,1,0,408.0,1217.0,1
ㅼ_5446,서초구,126.9851236,37.51666777,0,3,0,1,0,2550.0,6917.0,1
ㅼ_5845,서초구,127.0304425,37.50784307,1,24,1,52,0,3782.0,,1
ㅼ_6140,서초구,127.064647,37.46290598,0,0,0,0,1,,,1
ㅼ_5837,서초구,127.0308933,37.43573581,0,0,0,0,0,,,1
ㅼ_6051,성동구,127.0527482,37.56201088,0,9,0,14,1,4162.0,12576.0,2
ㅼ_5951,성동구,127.0414257,37.56196744,0,19,1,25,1,4935.0,20286.0,2
ㅼ_5851,성동구,127.0301033,37.56192292,0,22,1,33,0,10843.0,2514.0,2
ㅼ_6150,성동구,127.0641233,37.55303991,1,4,0,11,0,2201.0,6732.0,2
ㅼ_5751,성동구,127.0187808,37.56187732,0,25,0,25,2,9924.0,27598.0,2
ㅼ_6049,성동구,127.052856,37.54398426,0,17,0,25,1,4934.0,16059.0,2
ㅼ_5752,성동구,127.0187228,37.57089056,0,17,0,38,1,7136.0,12383.0,2
ㅼ_5952,성동구,127.0413705,37.57098072,0,10,0,10,1,6770.0,8969.0,2
ㅼ_5748,성동구,127.0189546,37.53483749,0,0,0,0,0,360.0,613.0,2
ㅼ_6251,성동구,127.0753933,37.56209449,0,8,0,24,0,6323.0,611.0,2
ㅼ_5850,성동구,127.0301599,37.55290965,0,8,0,7,2,13659.0,39889.0,2
ㅼ_5849,성동구,127.0302164,37.54389636,0,3,0,0,0,638.0,1786.0,2
ㅼ_5650,성동구,127.0075177,37.55281738,1,21,0,23,1,7640.0,22036.0,2
ㅼ_5948,성동구,127.0415914,37.53492753,0,0,0,3,0,1313.0,2210.0,2
ㅼ_5950,성동구,127.041481,37.55295415,0,5,0,8,0,4020.0,12767.0,2
ㅼ_5750,성동구,127.0188388,37.55286406,0,17,0,14,1,12466.0,8855.0,2
ㅼ_6148,성동구,127.0642282,37.53501324,0,11,0,23,1,6642.0,1667.0,2
ㅼ_6250,성동구,127.0754445,37.55308116,0,14,0,22,0,6124.0,2597.0,2
ㅼ_5649,성동구,127.007577,37.54380412,0,1,0,6,0,4801.0,3715.0,2
ㅼ_5949,성동구,127.0415362,37.54394085,0,0,0,17,0,2999.0,9902.0,2
ㅼ_5852,성동구,127.0300466,37.57093618,0,16,1,17,1,7866.0,15620.0,2
ㅼ_6151,성동구,127.0640708,37.56205323,0,15,0,29,0,3909.0,2124.0,2
ㅼ_6050,성동구,127.0528021,37.55299758,0,1,0,2,0,1911.0,7384.0,2
ㅼ_6052,성동구,127.0526944,37.57102417,0,15,0,24,1,9808.0,404.0,2
ㅼ_6149,성동구,127.0641758,37.54402658,0,11,0,48,0,3483.0,2662.0,2
ㅼ_5749,성동구,127.0188967,37.54385078,0,16,0,12,1,10281.0,27791.0,2
ㅼ_6048,성동구,127.0529098,37.53497093,0,11,0,13,1,3908.0,13620.0,2
ㅼ_5648,성동구,127.0076363,37.53479085,0,13,1,9,1,3329.0,10788.0,2
ㅼ_5848,성동구,127.030273,37.53488306,0,3,0,2,0,3761.0,,2
ㅼ_6047,성동구,127.0529636,37.52595758,0,10,0,11,0,3855.0,,2
ㅼ_5454,성북구,126.9846273,37.58877354,0,0,0,0,0,392.0,1030.0,1
ㅼ_5756,성북구,127.0184906,37.60694341,0,15,0,14,1,14221.0,41024.0,1
ㅼ_5557,성북구,126.9957713,37.61586193,0,0,0,3,0,1426.0,3801.0,1
ㅼ_6157,성북구,127.0637552,37.61613284,0,10,0,12,0,10152.0,9610.0,1
ㅼ_5657,성북구,127.0071019,37.6159098,0,5,0,10,1,9573.0,20521.0,1
ㅼ_5757,성북구,127.0184325,37.61595659,0,17,0,14,0,13847.0,9824.0,1
ㅼ_5856,성북구,127.0298199,37.60698909,0,24,0,26,1,8966.0,25728.0,1
ㅼ_5954,성북구,127.0412599,37.58900723,0,10,0,8,1,6243.0,784.0,1
ㅼ_5958,성북구,127.0410384,37.62506008,0,7,0,11,0,6972.0,431.0,1
ㅼ_6156,성북구,127.0638079,37.60711961,1,17,0,13,0,8730.0,18364.0,1
ㅼ_5957,성북구,127.0410938,37.61604689,0,7,0,15,0,8306.0,19072.0,1
ㅼ_6257,성북구,127.075086,37.61617418,0,16,0,31,0,8036.0,16691.0,1
ㅼ_5955,성북구,127.0412046,37.59802046,0,6,0,5,0,6585.0,19426.0,1
ㅼ_5558,성북구,126.9957104,37.62487506,0,0,0,0,0,,17.0,1
ㅼ_5556,성북구,126.9958322,37.60684878,0,1,0,8,0,985.0,3151.0,1
ㅼ_5857,성북구,127.0297632,37.61600228,0,15,0,20,2,9392.0,2823.0,1
ㅼ_5455,성북구,126.9845651,37.5977867,0,0,0,0,0,231.0,,1
ㅼ_5754,성북구,127.0186068,37.58891701,1,14,0,29,1,5277.0,23010.0,1
ㅼ_5854,성북구,127.0299333,37.58896266,0,8,1,24,0,1341.0,4797.0,1
ㅼ_6058,성북구,127.0523705,37.62510361,0,9,0,11,1,7825.0,4346.0,1
ㅼ_6256,성북구,127.0751373,37.60716094,0,8,0,19,0,7865.0,23122.0,1
ㅼ_5755,성북구,127.0185487,37.59793022,0,17,0,16,0,10395.0,34211.0,1
ㅼ_5853,성북구,127.02999,37.57994943,0,19,0,26,0,5508.0,2745.0,1
ㅼ_5555,성북구,126.995893,37.59783562,0,0,0,3,0,1313.0,3762.0,1
ㅼ_5653,성북구,127.0073397,37.57985707,0,5,0,10,2,4938.0,14572.0,1
ㅼ_5956,성북구,127.0411492,37.60703368,0,16,0,10,0,8658.0,26458.0,1
ㅼ_5655,성북구,127.0072208,37.59788346,0,3,0,10,1,4453.0,13896.0,1
ㅼ_5554,성북구,126.9959538,37.58882245,0,7,0,19,3,4106.0,13617.0,1
ㅼ_5656,성북구,127.0071614,37.60689664,0,15,0,21,1,6800.0,20752.0,1
ㅼ_5855,성북구,127.0298766,37.59797588,0,13,0,18,1,8138.0,24662.0,1
ㅼ_6057,성북구,127.0524245,37.61609041,0,12,0,12,0,6440.0,17178.0,1
ㅼ_5654,성북구,127.0072803,37.58887028,0,17,0,22,0,9617.0,995.0,1
ㅼ_5457,성북구,126.9844407,37.61581297,0,0,0,0,0,97.0,219.0,1
ㅼ_5753,성북구,127.0186648,37.57990379,0,12,0,25,1,8913.0,12733.0,1
ㅼ_6056,성북구,127.0524785,37.60707719,0,6,0,15,2,5710.0,17329.0,1
ㅼ_5658,성북구,127.0070424,37.62492295,0,0,0,6,0,1926.0,109.0,1
ㅼ_5359,성북구,126.9729829,37.63378911,0,0,0,0,0,,0.0,1
ㅼ_5459,성북구,126.9843162,37.63383919,0,0,0,0,0,,,1
ㅼ_5559,성북구,126.9956495,37.63388818,0,0,0,0,0,,,1
ㅼ_5355,성북구,126.9732373,37.59773668,0,0,0,0,0,113.0,333.0,1
ㅼ_5458,성북구,126.9843785,37.62482609,0,0,0,0,0,,,1
ㅼ_5456,성북구,126.984503,37.60679984,0,0,0,0,0,77.0,244.0,1
ㅼ_6155,성북구,127.0638605,37.59810636,0,18,0,14,1,6999.0,,1
ㅼ_6055,성북구,127.0525325,37.59806395,0,2,1,22,0,1170.0,,1
ㅼ_5358,성북구,126.9730466,37.62477603,0,0,0,0,0,,,1
ㅼ_6444,송파구,127.0983769,37.49907998,0,2,0,15,1,7096.0,25570.0,2
ㅼ_6246,송파구,127.0756488,37.5170277,0,0,0,1,0,2875.0,8548.0,2
ㅼ_7044,송파구,127.1662557,37.49929125,0,0,0,0,0,,6.0,2
ㅼ_6445,송파구,127.0983286,37.50809342,1,18,0,28,0,7255.0,24781.0,2
ㅼ_6743,송파구,127.1323604,37.490177,0,11,0,7,0,8360.0,26579.0,2
ㅼ_6447,송파구,127.098232,37.52612026,0,1,0,0,0,148.0,456.0,2
ㅼ_6542,송파구,127.1097838,37.48109096,0,4,0,0,0,324.0,430.0,2
ㅼ_6842,송파구,127.143715,37.48119815,0,3,0,8,0,6218.0,16143.0,2
ㅼ_6545,송파구,127.1096431,37.50813135,0,33,0,27,0,7802.0,30113.0,2
ㅼ_6746,송파구,127.1322278,37.51721743,0,6,0,5,0,4204.0,12914.0,2
ㅼ_6943,송파구,127.154984,37.49024524,0,4,0,6,0,5188.0,14385.0,2
ㅼ_6346,송파구,127.0869646,37.51706781,0,1,0,1,0,7909.0,23443.0,2
ㅼ_6741,송파구,127.1324487,37.47214998,0,0,0,0,0,1722.0,4222.0,2
ㅼ_6648,송파구,127.1208207,37.53520851,0,22,0,29,0,9040.0,16402.0,2
ㅼ_6745,송파구,127.132272,37.50820397,0,9,0,9,1,7564.0,22315.0,2
ㅼ_6641,송파구,127.1211397,37.47211426,0,0,0,2,0,103.0,279.0,2
ㅼ_6546,송파구,127.1095961,37.51714479,0,13,0,28,0,7321.0,24826.0,2
ㅼ_6548,송파구,127.1095022,37.53517162,0,4,0,6,0,2077.0,6146.0,2
ㅼ_6844,송파구,127.1436294,37.49922516,0,15,0,18,1,7741.0,25004.0,2
ㅼ_6644,송파구,127.1210031,37.49915474,0,19,1,21,1,9211.0,30761.0,2
ㅼ_6649,송파구,127.1207751,37.54422192,0,14,0,22,0,5011.0,591.0,2
ㅼ_6642,송파구,127.1210942,37.48112777,0,8,0,26,0,3085.0,18414.0,2
ㅼ_6647,송파구,127.1208664,37.52619509,0,16,0,9,2,4704.0,7616.0,2
ㅼ_6544,송파구,127.10969,37.4991179,0,28,0,21,0,11197.0,33216.0,2
ㅼ_6543,송파구,127.1097369,37.49010443,0,6,0,10,1,4273.0,6739.0,2
ㅼ_6846,송파구,127.1435437,37.51725212,0,0,0,0,0,85.0,245.0,2
ㅼ_6845,송파구,127.1435865,37.50823865,0,0,0,0,0,914.0,2589.0,2
ㅼ_6742,송파구,127.1324046,37.4811635,0,9,0,2,2,7629.0,21861.0,2
ㅼ_6843,송파구,127.1436722,37.49021166,0,11,0,12,0,6433.0,19191.0,2
ㅼ_6944,송파구,127.1549425,37.49925875,0,13,0,5,0,6983.0,19906.0,2
ㅼ_6345,송파구,127.0870142,37.5080544,0,51,0,24,1,11174.0,39483.0,2
ㅼ_6344,송파구,127.0870639,37.49904098,0,2,0,12,0,4152.0,15122.0,2
ㅼ_6643,송파구,127.1210487,37.49014126,0,22,0,24,0,6384.0,21119.0,2
ㅼ_6841,송파구,127.1437578,37.47218462,0,1,0,2,1,2328.0,6341.0,2
ㅼ_6744,송파구,127.1323162,37.49919049,0,16,0,14,0,8228.0,26124.0,2
ㅼ_6645,송파구,127.1209575,37.5081682,0,18,0,20,1,10086.0,31971.0,2
ㅼ_6245,송파구,127.0756998,37.5080143,0,11,0,31,0,5144.0,16265.0,2
ㅼ_6646,송파구,127.120912,37.51718165,0,3,0,3,0,1972.0,6606.0,2
ㅼ_6547,송파구,127.1095492,37.52615821,0,11,1,4,0,5195.0,14418.0,2
ㅼ_6446,송파구,127.0982803,37.51710684,0,21,0,8,1,8663.0,23426.0,2
ㅼ_6549,송파구,127.1094552,37.54418502,0,0,0,3,0,2226.0,,2
ㅼ_6945,송파구,127.1549011,37.50827224,0,0,0,0,0,,,2
ㅼ_6640,송파구,127.1211852,37.46310074,0,3,0,0,0,0.0,,2
ㅼ_6147,송파구,127.0642807,37.52599988,0,0,0,0,0,94.0,,2
ㅼ_6146,송파구,127.0643331,37.5169865,0,6,0,5,1,2623.0,,2
ㅼ_6448,송파구,127.0981837,37.53513365,1,8,0,2,0,4573.0,,2
ㅼ_6443,송파구,127.0984252,37.49006653,0,11,0,8,0,4174.0,,2
ㅼ_6247,송파구,127.0755977,37.52604109,0,0,0,6,0,2004.0,,2
ㅼ_6145,송파구,127.0643855,37.50797312,0,12,0,13,1,590.0,,2
ㅼ_6747,송파구,127.1321836,37.52623087,0,22,0,18,0,7025.0,,2
ㅼ_6244,송파구,127.0757508,37.49900089,0,2,0,1,0,2181.0,,2
ㅼ_6942,송파구,127.1550255,37.48123171,0,0,0,0,0,,,2
ㅼ_6144,송파구,127.0644378,37.49895972,0,15,0,13,1,8275.0,,2
ㅼ_6347,송파구,127.0869149,37.52608121,0,1,0,2,0,2562.0,,2
ㅼ_4449,양천구,126.8717429,37.54315954,0,17,0,13,0,10482.0,36807.0,3
ㅼ_4047,양천구,126.826628,37.52488398,0,0,0,7,0,2243.0,6379.0,3
ㅼ_4547,양천구,126.8832107,37.52519304,0,4,0,18,0,4827.0,15226.0,3
ㅼ_4446,양천구,126.8719696,37.5161203,0,5,0,8,0,7934.0,26422.0,3
ㅼ_4445,양천구,126.8720452,37.5071072,0,2,0,8,0,2812.0,4998.0,3
ㅼ_4147,양천구,126.8379444,37.52494796,0,15,0,25,0,10605.0,27046.0,3
ㅼ_4246,양천구,126.8493392,37.5159978,0,8,0,12,1,8244.0,23463.0,3
ㅼ_4448,양천구,126.8718185,37.53414647,0,7,0,13,0,8587.0,31869.0,3
ㅼ_4548,양천구,126.8831365,37.53420614,0,10,1,5,1,4672.0,,3
ㅼ_4347,양천구,126.8605775,37.52507267,0,17,1,23,1,8551.0,27927.0,3
ㅼ_4349,양천구,126.8604236,37.54309877,0,8,0,19,2,7446.0,11976.0,3
ㅼ_4046,양천구,126.826709,37.51587096,0,3,0,3,0,2608.0,8022.0,3
ㅼ_4145,양천구,126.8381037,37.50692188,0,1,0,6,0,2922.0,7024.0,3
ㅼ_4247,양천구,126.849261,37.52501085,0,10,0,22,1,9719.0,27577.0,3
ㅼ_4450,양천구,126.8716672,37.55217259,0,17,0,17,1,11452.0,1107.0,3
ㅼ_4346,양천구,126.8606544,37.51605959,0,11,0,13,1,9470.0,30356.0,3
ㅼ_4146,양천구,126.8380241,37.51593492,0,14,1,18,1,10119.0,29697.0,3
ㅼ_4148,양천구,126.8378648,37.53396098,0,24,0,28,1,12381.0,11917.0,3
ㅼ_4348,양천구,126.8605006,37.53408572,0,20,0,19,1,10720.0,7613.0,3
ㅼ_4350,양천구,126.8603466,37.5521118,0,10,0,17,0,6866.0,2392.0,3
ㅼ_4345,양천구,126.8607313,37.50704651,0,13,0,15,1,10917.0,14173.0,3
ㅼ_4149,양천구,126.8377851,37.54297398,0,32,0,34,1,11745.0,1538.0,3
ㅼ_4447,양천구,126.8718941,37.52513339,0,26,0,21,0,11239.0,37171.0,3
ㅼ_4045,양천구,126.8267899,37.50685794,0,0,0,0,0,640.0,1934.0,3
ㅼ_4048,양천구,126.8265469,37.53389697,0,12,1,22,0,6179.0,19152.0,3
ㅼ_4049,양천구,126.8264659,37.54290996,0,2,0,15,1,4582.0,8230.0,3
ㅼ_4245,양천구,126.8494175,37.50698473,0,10,0,12,0,7547.0,4786.0,3
ㅼ_4549,양천구,126.8830622,37.54321922,0,1,0,6,0,3419.0,1106.0,3
ㅼ_4648,양천구,126.8944545,37.53426471,0,10,0,23,0,5375.0,19063.0,3
ㅼ_4050,양천구,126.8263848,37.55192293,0,6,0,11,1,7071.0,,3
ㅼ_4550,양천구,126.8829879,37.55223229,0,0,0,0,0,375.0,,3
ㅼ_4546,양천구,126.8832849,37.51617993,0,4,0,17,0,6476.0,14861.0,3
ㅼ_4648,영등포구,126.8944545,37.53426471,0,10,0,23,0,5375.0,19063.0,2
ㅼ_4746,영등포구,126.9059155,37.51629592,0,33,1,35,2,4435.0,15392.0,2
ㅼ_4844,영등포구,126.917371,37.49832592,0,12,0,16,2,8855.0,16408.0,2
ㅼ_4645,영등포구,126.894673,37.50722532,0,12,0,14,0,7900.0,18884.0,2
ㅼ_4845,영등포구,126.9173009,37.50733912,1,9,0,15,0,9950.0,29555.0,2
ㅼ_4747,영등포구,126.905844,37.52530907,0,15,1,25,0,8196.0,31352.0,2
ㅼ_4547,영등포구,126.8832107,37.52519304,0,4,0,18,0,4827.0,15226.0,2
ㅼ_4643,영등포구,126.8948185,37.48919899,0,26,0,26,3,8988.0,6218.0,2
ㅼ_4649,영등포구,126.8943816,37.54327782,0,2,0,4,0,2002.0,7610.0,2
ㅼ_4546,영등포구,126.8832849,37.51617993,0,4,0,17,0,6476.0,14861.0,2
ㅼ_4745,영등포구,126.9059869,37.50728276,0,22,0,18,0,10995.0,31905.0,2
ㅼ_4945,영등포구,126.928615,37.50739439,0,7,0,8,1,7460.0,261.0,2
ㅼ_4748,영등포구,126.9057725,37.53432221,0,10,0,9,1,5340.0,17551.0,2
ㅼ_4948,영등포구,126.9284087,37.53443394,0,0,0,1,0,152.0,397.0,2
ㅼ_4744,영등포구,126.9060583,37.49826959,0,17,0,15,0,9834.0,27825.0,2
ㅼ_4847,영등포구,126.9171607,37.52536547,0,6,0,14,1,894.0,3019.0,2
ㅼ_4848,영등포구,126.9170906,37.53437862,0,1,0,6,0,72.0,393.0,2
ㅼ_4644,영등포구,126.8947457,37.49821217,0,13,1,23,1,6231.0,11336.0,2
ㅼ_4647,영등포구,126.8945274,37.5252516,0,17,2,32,1,6309.0,22492.0,2
ㅼ_5046,영등포구,126.9398617,37.51646179,0,13,1,21,0,2837.0,6059.0,2
ㅼ_5047,영등포구,126.9397943,37.52547499,0,2,0,1,0,1195.0,3101.0,2
ㅼ_4646,영등포구,126.8946002,37.51623847,0,14,0,13,1,6488.0,17623.0,2
ㅼ_4946,영등포구,126.9285462,37.51640759,0,24,0,18,0,5500.0,10861.0,2
ㅼ_4947,영등포구,126.9284775,37.52542077,0,23,0,7,0,3402.0,9622.0,2
ㅼ_4549,영등포구,126.8830622,37.54321922,0,1,0,6,0,3419.0,1106.0,2
ㅼ_4846,영등포구,126.9172309,37.5163523,0,13,1,15,1,5018.0,19532.0,2
ㅼ_4743,영등포구,126.9061297,37.48925639,0,26,2,21,1,7862.0,11612.0,2
ㅼ_5148,영등포구,126.951045,37.53454134,0,5,0,11,0,9270.0,17503.0,2
ㅼ_4650,영등포구,126.8943087,37.55229091,0,4,0,7,0,640.0,,2
ㅼ_5048,영등포구,126.9397269,37.53448818,0,0,0,6,0,308.0,,2
ㅼ_5147,영등포구,126.9511111,37.52552813,0,3,0,5,0,1846.0,5048.0,2
ㅼ_5146,영등포구,126.9511771,37.51651491,0,4,0,2,1,1151.0,,2
ㅼ_4949,영등포구,126.9283399,37.5434471,0,3,0,10,1,4632.0,,2
ㅼ_4749,영등포구,126.905701,37.54333533,0,0,0,4,0,40.0,,2
ㅼ_4849,영등포구,126.9170204,37.54339176,0,1,0,6,0,1823.0,,2
ㅼ_4548,영등포구,126.8831365,37.53420614,0,10,1,5,1,4672.0,,2
ㅼ_5049,영등포구,126.9396594,37.54350136,0,12,0,24,1,9922.0,,2
ㅼ_4550,영등포구,126.8829879,37.55223229,0,0,0,0,0,375.0,,2
ㅼ_5447,용산구,126.9850617,37.52568104,0,0,0,3,0,,6.0,2
ㅼ_5148,용산구,126.951045,37.53454134,0,5,0,11,0,9270.0,17503.0,2
ㅼ_5249,용산구,126.9622985,37.54360662,0,15,0,21,0,6755.0,17349.0,2
ㅼ_5247,용산구,126.9624279,37.52558019,0,12,0,11,0,3671.0,11684.0,2
ㅼ_5547,용산구,126.9963786,37.52572984,0,6,0,11,1,4657.0,16605.0,2
ㅼ_5347,용산구,126.9737448,37.52563116,0,2,0,1,1,4360.0,11880.0,2
ㅼ_5246,용산구,126.9624926,37.51656695,0,0,0,0,0,461.0,1141.0,2
ㅼ_5548,용산구,126.996318,37.53474311,0,7,0,17,1,4227.0,14329.0,2
ㅼ_5748,용산구,127.0189546,37.53483749,0,0,0,0,0,360.0,613.0,2
ㅼ_5449,용산구,126.9849377,37.54370754,0,8,0,15,0,4662.0,14811.0,2
ㅼ_5349,용산구,126.9736181,37.54365762,0,13,0,14,0,3063.0,11406.0,2
ㅼ_5248,용산구,126.9623632,37.53459341,1,12,0,23,1,4253.0,13611.0,2
ㅼ_5448,용산구,126.9849997,37.5346943,0,2,0,12,0,831.0,2725.0,2
ㅼ_5348,용산구,126.9736814,37.5346444,0,5,0,6,1,3275.0,13113.0,2
ㅼ_5648,용산구,127.0076363,37.53479085,0,13,1,9,1,3329.0,10788.0,2
ㅼ_5546,용산구,126.9964392,37.51671656,0,0,0,1,0,408.0,1217.0,2
ㅼ_5446,용산구,126.9851236,37.51666777,0,3,0,1,0,2550.0,6917.0,2
ㅼ_5649,용산구,127.007577,37.54380412,0,1,0,6,0,4801.0,3715.0,2
ㅼ_5250,용산구,126.9622337,37.55261981,0,19,0,18,0,10247.0,6054.0,2
ㅼ_5549,용산구,126.9962573,37.54375637,0,0,0,4,0,872.0,,2
ㅼ_5350,용산구,126.9735547,37.55267083,0,13,0,18,2,4538.0,1077.0,2
ㅼ_5149,용산구,126.9509789,37.54355453,0,38,0,30,1,9326.0,974.0,2
ㅼ_5346,용산구,126.9738081,37.5166179,0,8,0,5,0,4922.0,13275.0,2
ㅼ_5450,용산구,126.9848757,37.55272077,0,0,0,0,0,1719.0,1244.0,2
ㅼ_5147,용산구,126.9511111,37.52552813,0,3,0,5,0,1846.0,5048.0,2
ㅼ_5647,용산구,127.0076955,37.52577756,0,0,0,1,0,1600.0,5077.0,2
ㅼ_5550,용산구,126.9961967,37.55276962,0,0,0,3,0,460.0,1283.0,2
ㅼ_5048,용산구,126.9397269,37.53448818,0,0,0,6,0,308.0,,2
ㅼ_5646,용산구,127.0077548,37.51676426,0,3,0,5,0,4607.0,,2
ㅼ_5146,용산구,126.9511771,37.51651491,0,4,0,2,1,1151.0,,2
ㅼ_5245,용산구,126.9625572,37.5075537,1,23,1,10,0,6381.0,,2
ㅼ_5650,용산구,127.0075177,37.55281738,1,21,0,23,1,7640.0,22036.0,2
ㅼ_5345,용산구,126.9738713,37.50760464,0,1,0,0,0,1624.0,,2
ㅼ_5445,용산구,126.9851855,37.50765449,0,0,0,0,0,0.0,,2
ㅼ_4754,은평구,126.9053429,37.58840073,0,6,0,15,1,6426.0,18955.0,1
ㅼ_4859,은평구,126.916317,37.63352239,0,10,1,10,1,2889.0,10222.0,1
ㅼ_5057,은평구,126.9391188,37.61560626,0,2,0,1,0,3732.0,10533.0,1
ㅼ_4753,은평구,126.9054146,37.57938768,0,13,0,20,0,7048.0,5679.0,1
ㅼ_4756,은평구,126.9051994,37.60642679,0,6,0,15,0,5315.0,16204.0,1
ㅼ_4858,은평구,126.9163875,37.62450939,0,17,1,21,0,8663.0,28452.0,1
ㅼ_4855,은평구,126.9165988,37.5974703,0,23,0,30,0,12935.0,40574.0,1
ㅼ_4758,은평구,126.9050558,37.62445279,0,0,0,1,0,161.0,494.0,1
ㅼ_5056,은평구,126.9391864,37.60659319,0,8,0,1,0,3764.0,10568.0,1
ㅼ_5055,은평구,126.9392541,37.59758012,0,7,0,9,0,5592.0,4072.0,1
ㅼ_5162,은평구,126.9501172,37.66072476,0,0,0,0,0,21.0,67.0,1
ㅼ_5058,은평구,126.939051,37.62461931,0,0,0,0,0,799.0,2168.0,1
ㅼ_4856,은평구,126.9165284,37.60648334,0,14,0,27,1,12957.0,41879.0,1
ㅼ_5061,은평구,126.9388477,37.65165837,0,0,0,0,0,116.0,272.0,1
ㅼ_4957,은평구,126.9277883,37.61555186,0,25,0,13,1,9076.0,28303.0,1
ㅼ_5160,은평구,126.9502501,37.64269873,0,0,0,0,0,,13.0,1
ㅼ_4857,은평구,126.916458,37.61549637,0,20,1,38,1,11064.0,37500.0,1
ㅼ_4860,은평구,126.9162465,37.64253537,0,0,0,8,0,3265.0,11838.0,1
ㅼ_4960,은평구,126.927581,37.64259091,0,6,0,2,0,3482.0,9803.0,1
ㅼ_4956,은평구,126.9278574,37.60653881,1,17,0,21,1,9174.0,29183.0,1
ㅼ_4961,은평구,126.9275118,37.6516039,0,1,0,1,0,1311.0,3668.0,1
ㅼ_4955,은평구,126.9279264,37.59752575,0,17,0,8,1,9031.0,24975.0,1
ㅼ_4959,은평구,126.9276501,37.63357791,0,5,0,3,0,5087.0,14517.0,1
ㅼ_5062,은평구,126.9387799,37.66067137,0,0,0,0,0,,17.0,1
ㅼ_4755,은평구,126.9052711,37.59741377,0,9,0,17,0,7378.0,23168.0,1
ㅼ_4653,은평구,126.8940897,37.57933009,0,17,0,13,1,2630.0,1609.0,1
ㅼ_5157,은평구,126.9504492,37.61565957,0,0,0,0,0,202.0,481.0,1
ㅼ_4853,은평구,126.9167394,37.57944418,0,13,0,29,1,14599.0,2217.0,1
ㅼ_4554,은평구,126.8826904,37.58828443,0,1,0,3,0,2183.0,434.0,1
ㅼ_5059,은평구,126.9389833,37.63363234,0,0,0,0,0,1042.0,3095.0,1
ㅼ_4760,은평구,126.904912,37.64247875,0,0,0,0,0,,0.0,1
ㅼ_4954,은평구,126.9279954,37.58851268,0,2,0,7,0,5259.0,10911.0,1
ㅼ_4958,은평구,126.9277193,37.62456489,0,3,0,10,1,7821.0,23747.0,1
ㅼ_5156,은평구,126.9505155,37.60664649,0,0,0,3,0,1590.0,735.0,1
ㅼ_4757,은평구,126.9051276,37.6154398,0,3,0,12,0,5577.0,16758.0,1
ㅼ_5060,은평구,126.9389155,37.64264536,0,1,0,0,0,411.0,1276.0,1
ㅼ_5161,은평구,126.9501836,37.65171175,0,0,0,0,0,38.0,122.0,1
ㅼ_4854,은평구,126.9166691,37.58845725,1,17,0,21,1,10409.0,26831.0,1
ㅼ_5159,은평구,126.9503165,37.63368569,0,0,0,0,0,,18.0,1
ㅼ_4654,은평구,126.8940166,37.58834312,0,0,0,2,0,1886.0,5739.0,1
ㅼ_5158,은평구,126.9503829,37.62467263,0,0,0,0,0,,0.0,1
ㅼ_5258,은평구,126.9617147,37.62472487,0,0,0,0,0,,7.0,1
ㅼ_4759,은평구,126.9049839,37.63346578,0,0,0,0,0,,,1
ㅼ_4655,은평구,126.8939435,37.59735614,0,0,0,0,0,,,1
ㅼ_4555,은평구,126.882616,37.59729743,0,0,0,0,0,,,1
ㅼ_5261,은평구,126.9615196,37.65176404,0,0,0,0,0,,,1
ㅼ_4761,은평구,126.9048401,37.6514917,0,0,0,0,0,,,1
ㅼ_5260,은평구,126.9615847,37.642751,0,0,0,0,0,,,1
ㅼ_5259,은평구,126.9616497,37.63373794,0,0,0,0,0,,,1
ㅼ_5454,종로구,126.9846273,37.58877354,0,0,0,0,0,392.0,1030.0,2
ㅼ_5452,종로구,126.9847515,37.57074718,0,33,0,46,4,1362.0,103.0,2
ㅼ_5257,종로구,126.9617797,37.61571179,0,0,0,0,0,419.0,1085.0,2
ㅼ_5357,종로구,126.9731102,37.61576293,0,0,0,0,0,722.0,1898.0,2
ㅼ_5254,종로구,126.9619745,37.58867246,0,0,0,3,0,615.0,1767.0,2
ㅼ_5255,종로구,126.9619096,37.59768558,0,4,0,5,1,1655.0,5309.0,2
ㅼ_5158,종로구,126.9503829,37.62467263,0,0,0,0,0,,0.0,2
ㅼ_5252,종로구,126.9621042,37.57064616,1,26,1,13,2,8980.0,,2
ㅼ_5256,종로구,126.9618446,37.60669869,0,4,0,3,0,3381.0,10130.0,2
ㅼ_5258,종로구,126.9617147,37.62472487,0,0,0,0,0,,7.0,2
ㅼ_5356,종로구,126.9731738,37.60674981,0,2,0,3,0,1710.0,5582.0,2
ㅼ_5352,종로구,126.9734278,37.57069721,0,14,1,27,3,2018.0,384.0,2
ㅼ_5456,종로구,126.984503,37.60679984,0,0,0,0,0,77.0,244.0,2
ㅼ_5354,종로구,126.9733009,37.58872354,0,0,0,1,0,601.0,1861.0,2
ㅼ_5652,종로구,127.007399,37.57084385,0,44,1,27,2,2445.0,358.0,2
ㅼ_5353,종로구,126.9733644,37.57971038,0,8,0,6,4,2241.0,6798.0,2
ㅼ_5653,종로구,127.0073397,37.57985707,0,5,0,10,2,4938.0,14572.0,2
ㅼ_5554,종로구,126.9959538,37.58882245,0,7,0,19,3,4106.0,13617.0,2
ㅼ_5157,종로구,126.9504492,37.61565957,0,0,0,0,0,202.0,481.0,2
ㅼ_5359,종로구,126.9729829,37.63378911,0,0,0,0,0,,0.0,2
ㅼ_5654,종로구,127.0072803,37.58887028,0,17,0,22,0,9617.0,995.0,2
ㅼ_5457,종로구,126.9844407,37.61581297,0,0,0,0,0,97.0,219.0,2
ㅼ_5752,종로구,127.0187228,37.57089056,0,17,0,38,1,7136.0,12383.0,2
ㅼ_5753,종로구,127.0186648,37.57990379,0,12,0,25,1,8913.0,12733.0,2
ㅼ_5553,종로구,126.9960145,37.57980926,0,22,1,19,0,849.0,3861.0,2
ㅼ_5156,종로구,126.9505155,37.60664649,0,0,0,3,0,1590.0,735.0,2
ㅼ_5253,종로구,126.9620393,37.57965932,0,4,1,6,0,3465.0,10661.0,2
ㅼ_5552,종로구,126.9960753,37.57079606,0,33,0,19,1,1420.0,641.0,2
ㅼ_5153,종로구,126.9507143,37.57960716,0,2,0,5,0,3447.0,638.0,2
ㅼ_5355,종로구,126.9732373,37.59773668,0,0,0,0,0,113.0,333.0,2
ㅼ_5155,종로구,126.9505818,37.59763339,0,5,0,7,1,5857.0,348.0,2
ㅼ_5453,종로구,126.9846894,37.57976037,0,5,0,8,1,1900.0,5744.0,2
ㅼ_5458,종로구,126.9843785,37.62482609,0,0,0,0,0,,,2
ㅼ_5455,종로구,126.9845651,37.5977867,0,0,0,0,0,231.0,,2
ㅼ_5251,종로구,126.962169,37.56163299,0,8,0,19,1,6987.0,4796.0,2
ㅼ_5358,종로구,126.9730466,37.62477603,0,0,0,0,0,,,2
ㅼ_5259,종로구,126.9616497,37.63373794,0,0,0,0,0,,,2
ㅼ_5452,중구,126.9847515,37.57074718,0,33,0,46,4,1362.0,103.0,2
ㅼ_5350,중구,126.9735547,37.55267083,0,13,0,18,2,4538.0,1077.0,2
ㅼ_5651,중구,127.0074584,37.56183062,0,7,0,34,1,3664.0,12478.0,2
ㅼ_5451,중구,126.9848136,37.56173398,0,35,1,37,1,1850.0,5157.0,2
ㅼ_5450,중구,126.9848757,37.55272077,0,0,0,0,0,1719.0,1244.0,2
ㅼ_5351,중구,126.9734913,37.56168403,0,27,0,31,3,983.0,3217.0,2
ㅼ_5851,중구,127.0301033,37.56192292,0,22,1,33,0,10843.0,2514.0,2
ㅼ_5550,중구,126.9961967,37.55276962,0,0,0,3,0,460.0,1283.0,2
ㅼ_5551,중구,126.996136,37.56178284,0,16,0,31,2,2033.0,7537.0,2
ㅼ_5751,중구,127.0187808,37.56187732,0,25,0,25,2,9924.0,27598.0,2
ㅼ_5752,중구,127.0187228,37.57089056,0,17,0,38,1,7136.0,12383.0,2
ㅼ_5251,중구,126.962169,37.56163299,0,8,0,19,1,6987.0,4796.0,2
ㅼ_5650,중구,127.0075177,37.55281738,1,21,0,23,1,7640.0,22036.0,2
ㅼ_5750,중구,127.0188388,37.55286406,0,17,0,14,1,12466.0,8855.0,2
ㅼ_5352,중구,126.9734278,37.57069721,0,14,1,27,3,2018.0,384.0,2
ㅼ_5552,중구,126.9960753,37.57079606,0,33,0,19,1,1420.0,641.0,2
ㅼ_5250,중구,126.9622337,37.55261981,0,19,0,18,0,10247.0,6054.0,2
ㅼ_5649,중구,127.007577,37.54380412,0,1,0,6,0,4801.0,3715.0,2
ㅼ_5652,중구,127.007399,37.57084385,0,44,1,27,2,2445.0,358.0,2
ㅼ_5549,중구,126.9962573,37.54375637,0,0,0,4,0,872.0,,2
ㅼ_5252,중구,126.9621042,37.57064616,1,26,1,13,2,8980.0,,2
ㅼ_6254,중랑구,127.0752398,37.5891344,0,13,0,28,1,7093.0,23260.0,2
ㅼ_6354,중랑구,127.0865664,37.58917462,1,17,0,27,0,11217.0,37665.0,2
ㅼ_6455,중랑구,127.0978446,37.59822705,0,22,0,22,1,9529.0,29274.0,2
ㅼ_6453,중랑구,127.0979416,37.58020043,0,1,0,0,0,3100.0,9295.0,2
ㅼ_6656,중랑구,127.120455,37.60731538,0,0,0,0,0,,27.0,2
ㅼ_6557,중랑구,127.1090783,37.61629169,0,0,0,1,0,3613.0,9805.0,2
ㅼ_6255,중랑구,127.0751885,37.59814768,0,17,0,21,1,7719.0,22364.0,2
ㅼ_6257,중랑구,127.075086,37.61617418,0,16,0,31,0,8036.0,16691.0,2
ㅼ_6253,중랑구,127.075291,37.58012111,0,6,0,12,2,8072.0,6010.0,2
ㅼ_6355,중랑구,127.0865165,37.59818791,0,14,0,32,0,10545.0,36126.0,2
ㅼ_6554,중랑구,127.1092198,37.58925179,0,0,0,0,0,,44.0,2
ㅼ_6357,중랑구,127.0864167,37.61621444,0,3,0,7,1,7006.0,19650.0,2
ㅼ_6356,중랑구,127.0864667,37.60720118,0,1,0,3,0,3813.0,11234.0,2
ㅼ_6454,중랑구,127.0978931,37.58921375,0,10,0,12,1,8511.0,27206.0,2
ㅼ_6457,중랑구,127.0977475,37.61625361,0,11,1,2,1,3485.0,10390.0,2
ㅼ_6556,중랑구,127.1091255,37.6072784,0,2,0,2,0,1028.0,2645.0,2
ㅼ_6655,중랑구,127.1205008,37.59830207,0,0,0,0,0,,0.0,2
ㅼ_6353,중랑구,127.0866163,37.58016132,0,26,1,25,1,12284.0,37748.0,2
ㅼ_6252,중랑구,127.0753422,37.57110781,1,18,0,18,1,11284.0,3334.0,2
ㅼ_6256,중랑구,127.0751373,37.60716094,0,8,0,19,0,7865.0,23122.0,2
ㅼ_6555,중랑구,127.1091727,37.5982651,0,9,1,3,0,3335.0,9525.0,2
ㅼ_6456,중랑구,127.0977961,37.60724034,0,13,0,11,0,11281.0,32558.0,2
ㅼ_6352,중랑구,127.0866661,37.571148,0,7,0,12,0,7312.0,11044.0,2
ㅼ_6657,중랑구,127.1204092,37.61632868,0,0,0,0,0,,,2
ㅼ_6452,중랑구,127.09799,37.5711871,0,0,0,0,0,,,2
ㅼ_6553,중랑구,127.1092669,37.58023846,0,0,0,0,0,,,2
ㅼ_6155,중랑구,127.0638605,37.59810636,0,18,0,14,1,6999.0,,2
ㅼ_6558,중랑구,127.1090311,37.62530496,0,0,0,0,0,,,2
ㅼ_6654,중랑구,127.1205465,37.58928875,0,0,0,0,0,,,2
