gid,lon,lat
¤ì‚¬6453,127.0979416000,37.5802004300
¤ì‚¬5651,127.0074584000,37.5618306200
¤ì‚¬6157,127.0637552000,37.6161328400
¤ì‚¬5858,127.0297064000,37.6250154600
¤ì‚¬5347,126.9737448000,37.5256311600
¤ì‚¬5955,127.0412046000,37.5980204600
¤ì‚¬5748,127.0189546000,37.5348374900
¤ì‚¬7152,127.1772583000,37.5714304300
¤ì‚¬5961,127.0408721000,37.6520995700
¤ì‚¬6549,127.1094552000,37.5441850200
¤ì‚¬6163,127.0634389000,37.6702119500
¤ì‚¬4051,126.8263036000,37.5609358800
¤ì‚¬5747,127.0190125000,37.5258241900
¤ì‚¬5947,127.0416465000,37.5259142000
¤ì‚¬5662,127.0068041000,37.6609754000
¤ì‚¬5863,127.0294221000,37.6700811400
¤ì‚¬6255,127.0751885000,37.5981476800
¤ì‚¬5547,126.9963786000,37.5257298400
¤ì‚¬6348,127.0868652000,37.5350946000
¤ì‚¬4942,126.9288209000,37.4803547100
¤ì‚¬5158,126.9503829000,37.6246726300
¤ì‚¬6457,127.0977475000,37.6162536100
¤ì‚¬5963,127.0407610000,37.6701258300
¤ì‚¬4146,126.8380241000,37.5159349200
¤ì‚¬3949,126.8151467000,37.5428448500
¤ì‚¬5853,127.0299900000,37.5799494300
¤ì‚¬4959,126.9276501000,37.6335779100
¤ì‚¬5653,127.0073397000,37.5798570700
¤ì‚¬5761,127.0181998000,37.6520091500
¤ì‚¬6647,127.1208664000,37.5261950900
¤ì‚¬5359,126.9729829000,37.6337891100
¤ì‚¬3952,126.8148992000,37.5698836500
¤ì‚¬5156,126.9505155000,37.6066464900
¤ì‚¬5148,126.9510450000,37.5345413400
¤ì‚¬4740,126.9063436000,37.4622167400
¤ì‚¬4645,126.8946730000,37.5072253200
¤ì‚¬5151,126.9508467000,37.5615808700
¤ì‚¬6542,127.1097838000,37.4810909600
¤ì‚¬4248,126.8491826000,37.5340238900
¤ì‚¬6046,127.0530174000,37.5169442200
¤ì‚¬6264,127.0747264000,37.6792665300
¤ì‚¬4752,126.9054862000,37.5703746100
¤ì‚¬4247,126.8492610000,37.5250108500
¤ì‚¬5448,126.9849997000,37.5346943000
¤ì‚¬6745,127.1322720000,37.5082039700
¤ì‚¬5352,126.9734278000,37.5706972100
¤ì‚¬3854,126.8034080000,37.5878431500
¤ì‚¬6250,127.0754445000,37.5530811600
¤ì‚¬5652,127.0073990000,37.5708438500
¤ì‚¬4955,126.9279264000,37.5975257500
¤ì‚¬5062,126.9387799000,37.6606713700
¤ì‚¬6848,127.1434579000,37.5352790200
¤ì‚¬5248,126.9623632000,37.5345934100
¤ì‚¬5461,126.9841916000,37.6518653600
¤ì‚¬6640,127.1211852000,37.4631007400
¤ì‚¬6751,127.1320064000,37.5622845200
¤ì‚¬5841,127.0306681000,37.4717895500
¤ì‚¬6451,127.0980385000,37.5621737600
¤ì‚¬6147,127.0642807000,37.5259998800
¤ì‚¬5954,127.0412599000,37.5890072300
¤ì‚¬5856,127.0298199000,37.6069890900
¤ì‚¬6059,127.0523164000,37.6341168100
¤ì‚¬7153,127.1772194000,37.5804438300
¤ì‚¬5247,126.9624279000,37.5255801900
¤ì‚¬4446,126.8719696000,37.5161203000
¤ì‚¬6146,127.0643331000,37.5169865000
¤ì‚¬5550,126.9961967000,37.5527696200
¤ì‚¬4847,126.9171607000,37.5253654700
¤ì‚¬5563,126.9954056000,37.6699405200
¤ì‚¬6148,127.0642282000,37.5350132400
¤ì‚¬6650,127.1207294000,37.5532353100
¤ì‚¬3851,126.8036599000,37.5608045000
¤ì‚¬6350,127.0867657000,37.5531213300
¤ì‚¬5647,127.0076955000,37.5257775600
¤ì‚¬6057,127.0524245000,37.6160904100
¤ì‚¬6742,127.1324046000,37.4811635000
¤ì‚¬5454,126.9846273000,37.5887735400
¤ì‚¬6359,127.0863169000,37.6342409200
¤ì‚¬6850,127.1433720000,37.5533058700
¤ì‚¬6349,127.0868154000,37.5441079700
¤ì‚¬4756,126.9051994000,37.6064267900
¤ì‚¬5759,127.0183162000,37.6339829000
¤ì‚¬4745,126.9059869000,37.5072827600
¤ì‚¬4851,126.9168800000,37.5614180000
¤ì‚¬6950,127.1546933000,37.5533395200
¤ì‚¬4147,126.8379444000,37.5249479600
¤ì‚¬7050,127.1660147000,37.5533720900
¤ì‚¬6053,127.0526404000,37.5800374400
¤ì‚¬4650,126.8943087000,37.5522909100
¤ì‚¬5754,127.0186068000,37.5889170100
¤ì‚¬5250,126.9622337000,37.5526198100
¤ì‚¬5755,127.0185487000,37.5979302200
¤ì‚¬5048,126.9397269000,37.5344881800
¤ì‚¬5342,126.9740610000,37.4805647500
¤ì‚¬4840,126.9176508000,37.4622730000
¤ì‚¬6052,127.0526944000,37.5710241700
¤ì‚¬5544,126.9965602000,37.4986899500
¤ì‚¬5355,126.9732373000,37.5977366800
¤ì‚¬5648,127.0076363000,37.5347908500
¤ì‚¬6550,127.1094081000,37.5531984000
¤ì‚¬4640,126.8950365000,37.4621593900
¤ì‚¬6841,127.1437578000,37.4721846200
¤ì‚¬5452,126.9847515000,37.5707471800
¤ì‚¬4444,126.8721206000,37.4980940800
¤ì‚¬4845,126.9173009000,37.5073391200
¤ì‚¬4052,126.8262224000,37.5699488200
¤ì‚¬7051,127.1659745000,37.5623855100
¤ì‚¬6547,127.1095492000,37.5261582100
¤ì‚¬5449,126.9849377000,37.5437075400
¤ì‚¬6152,127.0640182000,37.5710665300
¤ì‚¬5640,127.0081095000,37.4626841600
¤ì‚¬5450,126.9848757000,37.5527207700
¤ì‚¬4252,126.8488691000,37.5700759100
¤ì‚¬6846,127.1435437000,37.5172521200
¤ì‚¬5147,126.9511111000,37.5255281300
¤ì‚¬6242,127.0758528000,37.4809740200
¤ì‚¬5664,127.0066848000,37.6790015500
¤ì‚¬6363,127.0861168000,37.6702937100
¤ì‚¬6251,127.0753933000,37.5620944900
¤ì‚¬6065,127.0519915000,37.6881956700
¤ì‚¬4442,126.8722715000,37.4800677900
¤ì‚¬4644,126.8947457000,37.4982121700
¤ì‚¬5150,126.9509128000,37.5525677100
¤ì‚¬5646,127.0077548000,37.5167642600
¤ì‚¬5045,126.9399290000,37.5074485800
¤ì‚¬4643,126.8948185000,37.4891989900
¤ì‚¬5842,127.0306117000,37.4808029500
¤ì‚¬4848,126.9170906000,37.5343786200
¤ì‚¬6648,127.1208207000,37.5352085100
¤ì‚¬4841,126.9175809000,37.4712862500
¤ì‚¬4946,126.9285462000,37.5164075900
¤ì‚¬4846,126.9172309000,37.5163523000
¤ì‚¬4142,126.8383423000,37.4798826600
¤ì‚¬6345,127.0870142000,37.5080544000
¤ì‚¬5552,126.9960753000,37.5707960600
¤ì‚¬6254,127.0752398000,37.5891344000
¤ì‚¬5161,126.9501836000,37.6517117500
¤ì‚¬6744,127.1323162000,37.4991904900
¤ì‚¬4547,126.8832107000,37.5251930400
¤ì‚¬6161,127.0635444000,37.6521856400
¤ì‚¬5159,126.9503165000,37.6336856900
¤ì‚¬4943,126.9287523000,37.4893679500
¤ì‚¬6039,127.0533931000,37.4538503200
¤ì‚¬6446,127.0982803000,37.5171068400
¤ì‚¬7049,127.1660549000,37.5443586500
¤ì‚¬4945,126.9286150000,37.5073943900
¤ì‚¬7149,127.1773749000,37.5443901200
¤ì‚¬4647,126.8945274000,37.5252516000
¤ì‚¬5959,127.0409830000,37.6340732600
¤ì‚¬5047,126.9397943000,37.5254749900
¤ì‚¬5549,126.9962573000,37.5437563700
¤ì‚¬5848,127.0302730000,37.5348830600
¤ì‚¬6138,127.0647515000,37.4448790300
¤ì‚¬6050,127.0528021000,37.5529975800
¤ì‚¬6448,127.0981837000,37.5351336500
¤ì‚¬6543,127.1097369000,37.4901044300
¤ì‚¬6341,127.0872127000,37.4720006100
¤ì‚¬6441,127.0985217000,37.4720395800
¤ì‚¬5753,127.0186648000,37.5799037900
¤ì‚¬4243,126.8495738000,37.4889585600
¤ì‚¬5948,127.0415914000,37.5349275300
¤ì‚¬5153,126.9507143000,37.5796071600
¤ì‚¬4242,126.8496520000,37.4799454500
¤ì‚¬5146,126.9511771000,37.5165149100
¤ì‚¬6851,127.1433291000,37.5623192700
¤ì‚¬6948,127.1547765000,37.5353126500
¤ì‚¬6343,127.0871135000,37.4900275400
¤ì‚¬6162,127.0634917000,37.6611988000
¤ì‚¬4856,126.9165284000,37.6064833400
¤ì‚¬6243,127.0758018000,37.4899874600
¤ì‚¬6365,127.0860167000,37.6883200200
¤ì‚¬6456,127.0977961000,37.6072403400
¤ì‚¬6443,127.0984252000,37.4900665300
¤ì‚¬6644,127.1210031000,37.4991547400
¤ì‚¬3941,126.8158051000,37.4707407600
¤ì‚¬5040,126.9402653000,37.4623822800
¤ì‚¬6944,127.1549425000,37.4992587500
¤ì‚¬5560,126.9955886000,37.6429012900
¤ì‚¬6353,127.0866163000,37.5801613200
¤ì‚¬4541,126.8836553000,37.4711141600
¤ì‚¬4449,126.8717429000,37.5431595400
¤ì‚¬5357,126.9731102000,37.6157629300
¤ì‚¬4746,126.9059155000,37.5162959200
¤ì‚¬5943,127.0418669000,37.4898607400
¤ì‚¬4839,126.9177207000,37.4532597400
¤ì‚¬5745,127.0191282000,37.5077975500
¤ì‚¬6156,127.0638079000,37.6071196100
¤ì‚¬4654,126.8940166000,37.5883431200
¤ì‚¬5043,126.9400636000,37.4894221000
¤ì‚¬3749,126.7925085000,37.5427113800
¤ì‚¬4758,126.9050558000,37.6244527900
¤ì‚¬4153,126.8374659000,37.5790258600
¤ì‚¬5258,126.9617147000,37.6247248700
¤ì‚¬6247,127.0755977000,37.5260410900
¤ì‚¬4940,126.9289581000,37.4623281800
¤ì‚¬5140,126.9515726000,37.4624353000
¤ì‚¬4860,126.9162465000,37.6425353700
¤ì‚¬6548,127.1095022000,37.5351716200
¤ì‚¬6262,127.0748292000,37.6612402100
¤ì‚¬6352,127.0866661000,37.5711480000
¤ì‚¬4045,126.8267899000,37.5068579400
¤ì‚¬5743,127.0192438000,37.4897708500
¤ì‚¬5846,127.0303860000,37.5168564100
¤ì‚¬5751,127.0187808000,37.5618773200
¤ì‚¬4954,126.9279954000,37.5885126800
¤ì‚¬5849,127.0302164000,37.5438963600
¤ì‚¬5756,127.0184906000,37.6069434100
¤ì‚¬6750,127.1320507000,37.5532711300
¤ì‚¬6447,127.0982320000,37.5261202600
¤ì‚¬5660,127.0069233000,37.6429492000
¤ì‚¬4151,126.8376255000,37.5609999500
¤ì‚¬5659,127.0069829000,37.6339360800
¤ì‚¬5240,126.9628799000,37.4624872400
¤ì‚¬4448,126.8718185000,37.5341464700
¤ì‚¬4451,126.8715915000,37.5611856200
¤ì‚¬6556,127.1091255000,37.6072784000
¤ì‚¬6655,127.1205008000,37.5983020700
¤ì‚¬7052,127.1659342000,37.5713989200
¤ì‚¬4345,126.8607313000,37.5070465100
¤ì‚¬4737,126.9065573000,37.4351769600
¤ì‚¬4949,126.9283399000,37.5434471000
¤ì‚¬6339,127.0873118000,37.4539736400
¤ì‚¬4048,126.8265469000,37.5338969700
¤ì‚¬5039,126.9403325000,37.4533689800
¤ì‚¬6149,127.0641758000,37.5440265800
¤ì‚¬4838,126.9177906000,37.4442464600
¤ì‚¬6843,127.1436722000,37.4902116600
¤ì‚¬4352,126.8601924000,37.5701378200
¤ì‚¬4543,126.8835073000,37.4891405100
¤ì‚¬4648,126.8944545000,37.5342647100
¤ì‚¬5143,126.9513750000,37.4894751700
¤ì‚¬6245,127.0756998000,37.5080143000
¤ì‚¬4044,126.8268708000,37.4978449000
¤ì‚¬5663,127.0067444000,37.6699884800
¤ì‚¬4450,126.8716672000,37.5521725900
¤ì‚¬3852,126.8035760000,37.5698174000
¤ì‚¬6555,127.1091727000,37.5982651000
¤ì‚¬6151,127.0640708000,37.5620532300
¤ì‚¬5655,127.0072208000,37.5978834600
¤ì‚¬5861,127.0295359000,37.6520549100
¤ì‚¬5554,126.9959538000,37.5888224500
¤ì‚¬4749,126.9057010000,37.5433353300
¤ì‚¬5060,126.9389155000,37.6426453600
¤ì‚¬6137,127.0648037000,37.4358655300
¤ì‚¬5343,126.9739978000,37.4895780600
¤ì‚¬5057,126.9391188000,37.6156062600
¤ì‚¬5152,126.9507805000,37.5705940200
¤ì‚¬6260,127.0749320000,37.6432138400
¤ì‚¬6257,127.0750860000,37.6161741800
¤ì‚¬6749,127.1320950000,37.5442577300
¤ì‚¬6045,127.0530711000,37.5079308500
¤ì‚¬6545,127.1096431000,37.5081313500
¤ì‚¬6746,127.1322278000,37.5172174300
¤ì‚¬5551,126.9961360000,37.5617828400
¤ì‚¬4143,126.8382628000,37.4888957400
¤ì‚¬4843,126.9174410000,37.4893127100
¤ì‚¬5456,126.9845030000,37.6067998400
¤ì‚¬6038,127.0534467000,37.4448368500
¤ì‚¬6252,127.0753422000,37.5711078100
¤ì‚¬5244,126.9626218000,37.4985404400
¤ì‚¬5852,127.0300466000,37.5709361800
¤ì‚¬6258,127.0750347000,37.6251874200
¤ì‚¬5059,126.9389833000,37.6336323400
¤ì‚¬4545,126.8833590000,37.5071668000
¤ì‚¬6051,127.0527482000,37.5620108800
¤ì‚¬6060,127.0522623000,37.6431299900
¤ì‚¬5154,126.9506481000,37.5886202800
¤ì‚¬6249,127.0754956000,37.5440678200
¤ì‚¬3942,126.8157229000,37.4797538200
¤ì‚¬5245,126.9625572000,37.5075537000
¤ì‚¬5942,127.0419220000,37.4808473400
¤ì‚¬5644,127.0078731000,37.4987376200
¤ì‚¬5252,126.9621042000,37.5706461600
¤ì‚¬4246,126.8493392000,37.5159978000
¤ì‚¬4956,126.9278574000,37.6065388100
¤ì‚¬5762,127.0181415000,37.6610222600
¤ì‚¬4961,126.9275118000,37.6516039000
¤ì‚¬5353,126.9733644000,37.5797103800
¤ì‚¬5956,127.0411492000,37.6070336800
¤ì‚¬5144,126.9513091000,37.4984884300
¤ì‚¬4245,126.8494175000,37.5069847300
¤ì‚¬6949,127.1547349000,37.5443260900
¤ì‚¬3954,126.8147340000,37.5879094500
¤ì‚¬4760,126.9049120000,37.6424787500
¤ì‚¬6643,127.1210487000,37.4901412600
¤ì‚¬4350,126.8603466000,37.5521118000
¤ì‚¬4754,126.9053429000,37.5884007300
¤ì‚¬4047,126.8266280000,37.5248839800
¤ì‚¬5441,126.9854329000,37.4716012200
¤ì‚¬6043,127.0531785000,37.4899040600
¤ì‚¬4144,126.8381832000,37.4979088200
¤ì‚¬4351,126.8602695000,37.5611248200
¤ì‚¬6158,127.0637026000,37.6251460600
¤ì‚¬6346,127.0869646000,37.5170678100
¤ì‚¬6454,127.0978931000,37.5892137500
¤ì‚¬5558,126.9957104000,37.6248750600
¤ì‚¬5865,127.0293083000,37.6881073200
¤ì‚¬4652,126.8941627000,37.5703170400
¤ì‚¬5742,127.0193015000,37.4807574700
¤ì‚¬5639,127.0081685000,37.4536707700
¤ì‚¬5457,126.9844407000,37.6158129700
¤ì‚¬6259,127.0749834000,37.6342006400
¤ì‚¬4744,126.9060583000,37.4982695900
¤ì‚¬6442,127.0984734000,37.4810530600
¤ì‚¬6340,127.0872622000,37.4629871300
¤ì‚¬5540,126.9968021000,37.4626365600
¤ì‚¬5447,126.9850617000,37.5256810400
¤ì‚¬5944,127.0418119000,37.4988741300
¤ì‚¬5966,127.0405943000,37.6971651200
¤ì‚¬4854,126.9166691000,37.5884572500
¤ì‚¬4553,126.8827649000,37.5792714200
¤ì‚¬6646,127.1209120000,37.5171816500
¤ì‚¬5962,127.0408166000,37.6611127100
¤ì‚¬5162,126.9501172000,37.6607247600
¤ì‚¬6449,127.0981353000,37.5441470400
¤ì‚¬5356,126.9731738000,37.6067498100
¤ì‚¬5051,126.9395244000,37.5615276700
¤ì‚¬4346,126.8606544000,37.5160595900
¤ì‚¬4738,126.9064861000,37.4441902300
¤ì‚¬5451,126.9848136000,37.5617339800
¤ì‚¬6063,127.0520999000,37.6701694400
¤ì‚¬6044,127.0531248000,37.4989174600
¤ì‚¬6263,127.0747778000,37.6702533800
¤ì‚¬3950,126.8150642000,37.5518578000
¤ì‚¬6362,127.0861669000,37.6612805300
¤ì‚¬4757,126.9051276000,37.6154398000
¤ì‚¬4443,126.8721961000,37.4890809400
¤ì‚¬6145,127.0643855000,37.5079731200
¤ì‚¬4544,126.8834332000,37.4981536600
¤ì‚¬6444,127.0983769000,37.4990799800
¤ì‚¬6165,127.0633332000,37.6882382100
¤ì‚¬4859,126.9163170000,37.6335223900
¤ì‚¬4649,126.8943816000,37.5432778200
¤ì‚¬6743,127.1323604000,37.4901770000
¤ì‚¬5958,127.0410384000,37.6250600800
¤ì‚¬4753,126.9054146000,37.5793876800
¤ì‚¬5641,127.0080504000,37.4716975500
¤ì‚¬5054,126.9393217000,37.5885670200
¤ì‚¬6239,127.0760055000,37.4539336100
¤ì‚¬4641,126.8949638000,37.4711726100
¤ì‚¬4447,126.8718941000,37.5251333900
¤ì‚¬5555,126.9958930000,37.5978356200
¤ì‚¬5149,126.9509789000,37.5435545300
¤ì‚¬5157,126.9504492000,37.6156595700
¤ì‚¬5650,127.0075177000,37.5528173800
¤ì‚¬5658,127.0070424000,37.6249229500
¤ì‚¬5561,126.9955276000,37.6519143800
¤ì‚¬5042,126.9401309000,37.4804088400
¤ì‚¬5541,126.9967417000,37.4716499200
¤ì‚¬5556,126.9958322000,37.6068487800
¤ì‚¬5857,127.0297632000,37.6160022800
¤ì‚¬6747,127.1321836000,37.5262308700
¤ì‚¬6058,127.0523705000,37.6251036100
¤ì‚¬4651,126.8942357000,37.5613039800
¤ì‚¬4639,126.8951091000,37.4531461700
¤ì‚¬5862,127.0294790000,37.6610680300
¤ì‚¬4944,126.9286836000,37.4983811700
¤ì‚¬5654,127.0072803000,37.5888702800
¤ì‚¬5543,126.9966207000,37.4896766200
¤ì‚¬6351,127.0867159000,37.5621346700
¤ì‚¬6358,127.0863668000,37.6252276900
¤ì‚¬4145,126.8381037000,37.5069218800
¤ì‚¬5053,126.9393893000,37.5795539200
¤ì‚¬5941,127.0419770000,37.4718339300
¤ì‚¬6246,127.0756488000,37.5170277000
¤ì‚¬6455,127.0978446000,37.5982270500
¤ì‚¬5960,127.0409275000,37.6430864200
¤ì‚¬7044,127.1662557000,37.4992912500
¤ì‚¬6445,127.0983286000,37.5080934200
¤ì‚¬5757,127.0184325000,37.6159565900
¤ì‚¬6849,127.1434150000,37.5442924500
¤ì‚¬3951,126.8149817000,37.5608707300
¤ì‚¬4748,126.9057725000,37.5343222100
¤ì‚¬5940,127.0420320000,37.4628205000
¤ì‚¬6164,127.0633861000,37.6792250900
¤ì‚¬5740,127.0194170000,37.4627306900
¤ì‚¬5643,127.0079322000,37.4897242700
¤ì‚¬5649,127.0075770000,37.5438041200
¤ì‚¬6240,127.0759546000,37.4629471000
¤ì‚¬6037,127.0535002000,37.4358233700
¤ì‚¬6236,127.0761581000,37.4268930800
¤ì‚¬6142,127.0645425000,37.4809328800
¤ì‚¬5642,127.0079914000,37.4807109200
¤ì‚¬5939,127.0420869000,37.4538070600
¤ì‚¬4958,126.9277193000,37.6245648900
¤ì‚¬4950,126.9282711000,37.5524602400
¤ì‚¬5843,127.0305553000,37.4898163300
¤ì‚¬5351,126.9734913000,37.5616840300
¤ì‚¬6054,127.0525865000,37.5890507100
¤ì‚¬6560,127.1089367000,37.6433314600
¤ì‚¬5055,126.9392541000,37.5975801200
¤ì‚¬5964,127.0407055000,37.6791389400
¤ì‚¬6040,127.0533395000,37.4628637800
¤ì‚¬5046,126.9398617000,37.5164617900
¤ì‚¬3953,126.8148166000,37.5788965600
¤ì‚¬5847,127.0303295000,37.5258697400
¤ì‚¬6642,127.1210942000,37.4811277700
¤ì‚¬4741,126.9062724000,37.4712299700
¤ì‚¬6141,127.0645948000,37.4719194300
¤ì‚¬4049,126.8264659000,37.5429099600
¤ì‚¬6253,127.0752910000,37.5801211100
¤ì‚¬6160,127.0635972000,37.6431724600
¤ì‚¬3944,126.8155585000,37.4977799000
¤ì‚¬5764,127.0180250000,37.6790484400
¤ì‚¬4343,126.8608849000,37.4890202900
¤ì‚¬4844,126.9173710000,37.4983259200
¤ì‚¬6364,127.0860667000,37.6793068700
¤ì‚¬5760,127.0182580000,37.6429960300
¤ì‚¬4952,126.9281333000,37.5704864900
¤ì‚¬5354,126.9733009000,37.5887235400
¤ì‚¬5160,126.9502501000,37.6426987300
¤ì‚¬4960,126.9275810000,37.6425909100
¤ì‚¬4251,126.8489475000,37.5610629200
¤ì‚¬6061,127.0522082000,37.6521431500
¤ì‚¬5246,126.9624926000,37.5165669500
¤ì‚¬6048,127.0529098000,37.5349709300
¤ì‚¬3853,126.8034920000,37.5788302800
¤ì‚¬5453,126.9846894000,37.5797603700
¤ì‚¬5242,126.9627509000,37.4805138600
¤ì‚¬5241,126.9628155000,37.4715005600
¤ì‚¬6354,127.0865664000,37.5891746200
¤ì‚¬6361,127.0862169000,37.6522673400
¤ì‚¬4849,126.9170204000,37.5433917600
¤ì‚¬5945,127.0417568000,37.5078875000
¤ì‚¬6748,127.1321393000,37.5352443100
¤ì‚¬4347,126.8605775000,37.5250726700
¤ì‚¬6244,127.0757508000,37.4990008900
¤ì‚¬4043,126.8269517000,37.4888318500
¤ì‚¬4149,126.8377851000,37.5429739800
¤ì‚¬5350,126.9735547000,37.5526708300
¤ì‚¬5041,126.9401981000,37.4713955700
¤ì‚¬5855,127.0298766000,37.5979758800
¤ì‚¬5349,126.9736181000,37.5436576200
¤ì‚¬5952,127.0413705000,37.5709807200
¤ì‚¬4554,126.8826904000,37.5882844300
¤ì‚¬6056,127.0524785000,37.6070771900
¤ì‚¬4150,126.8377053000,37.5519869700
¤ì‚¬6847,127.1435008000,37.5262655800
¤ì‚¬6042,127.0532322000,37.4808906500
¤ì‚¬4858,126.9163875000,37.6245093900
¤ì‚¬6357,127.0864167000,37.6162144400
¤ì‚¬5050,126.9395919000,37.5525145200
¤ì‚¬6844,127.1436294000,37.4992251600
¤ì‚¬5440,126.9854947000,37.4625878600
¤ì‚¬5645,127.0078139000,37.5077509400
¤ì‚¬6952,127.1546101000,37.5713663400
¤ì‚¬6355,127.0865165000,37.5981879100
¤ì‚¬6049,127.0528560000,37.5439842600
¤ì‚¬5553,126.9960145000,37.5798092600
¤ì‚¬4050,126.8263848000,37.5519229300
¤ì‚¬5257,126.9617797000,37.6157117900
¤ì‚¬6645,127.1209575000,37.5081682000
¤ì‚¬5864,127.0293652000,37.6790942300
¤ì‚¬5052,126.9394569000,37.5705408000
¤ì‚¬4539,126.8838033000,37.4530877600
¤ì‚¬5953,127.0413152000,37.5799939800
¤ì‚¬6248,127.0755467000,37.5350544600
¤ì‚¬5345,126.9738713000,37.5076046400
¤ì‚¬5844,127.0304989000,37.4988297100
¤ì‚¬5840,127.0307245000,37.4627761400
¤ì‚¬6649,127.1207751000,37.5442219200
¤ì‚¬6062,127.0521541000,37.6611563000
¤ì‚¬6554,127.1092198000,37.5892517900
¤ì‚¬4743,126.9061297000,37.4892563900
¤ì‚¬6064,127.0520458000,37.6791825600
¤ì‚¬5145,126.9512431000,37.5075016800
¤ì‚¬4348,126.8605006000,37.5340857200
¤ì‚¬4042,126.8270326000,37.4798187800
¤ì‚¬5951,127.0414257000,37.5619674400
¤ì‚¬5739,127.0194746000,37.4537172800
¤ì‚¬5557,126.9957713000,37.6158619300
¤ì‚¬6540,127.1098775000,37.4630639600
¤ì‚¬4953,126.9280644000,37.5794995900
¤ì‚¬4638,126.8951816000,37.4441329200
¤ì‚¬4445,126.8720452000,37.5071072000
¤ì‚¬6150,127.0641233000,37.5530399100
¤ì‚¬6943,127.1549840000,37.4902452400
¤ì‚¬4349,126.8604236000,37.5430987700
¤ì‚¬3943,126.8156407000,37.4887668700
¤ì‚¬6139,127.0646993000,37.4538925100
¤ì‚¬4842,126.9175110000,37.4802994900
¤ì‚¬6845,127.1435865000,37.5082386500
¤ì‚¬5752,127.0187228000,37.5708905600
¤ì‚¬6344,127.0870639000,37.4990409800
¤ì‚¬5546,126.9964392000,37.5167165600
¤ì‚¬5243,126.9626864000,37.4895271600
¤ì‚¬5249,126.9622985000,37.5436066200
¤ì‚¬4739,126.9064149000,37.4532034900
¤ì‚¬4855,126.9165988000,37.5974703000
¤ì‚¬5256,126.9618446000,37.6066986900
¤ì‚¬4046,126.8267090000,37.5158709600
¤ì‚¬6741,127.1324487000,37.4721499800
¤ì‚¬4540,126.8837293000,37.4621009700
¤ì‚¬5446,126.9851236000,37.5166677700
¤ì‚¬5859,127.0296496000,37.6340286200
¤ì‚¬6559,127.1089839000,37.6343182200
¤ì‚¬4653,126.8940897000,37.5793300900
¤ì‚¬6951,127.1546518000,37.5623529400
¤ì‚¬5141,126.9515068000,37.4714486100
¤ì‚¬5657,127.0071019000,37.6159098000
¤ì‚¬6342,127.0871631000,37.4810140800
¤ì‚¬4244,126.8494957000,37.4979716500
¤ì‚¬6842,127.1437150000,37.4811981500
¤ì‚¬4642,126.8948912000,37.4801858100
¤ì‚¬4548,126.8831365000,37.5342061400
¤ì‚¬5845,127.0304425000,37.5078430700
¤ì‚¬6356,127.0864667000,37.6072011800
¤ì‚¬5545,126.9964997000,37.5077032600
¤ì‚¬4250,126.8490259000,37.5520499300
¤ì‚¬6041,127.0532859000,37.4718772200
¤ì‚¬6155,127.0638605000,37.5981063600
¤ì‚¬5445,126.9851855000,37.5076544900
¤ì‚¬6055,127.0525325000,37.5980639500
¤ì‚¬5850,127.0301599000,37.5529096500
¤ì‚¬4941,126.9288895000,37.4713414500
¤ì‚¬5744,127.0191860000,37.4987842000
¤ì‚¬5741,127.0193593000,37.4717440900
¤ì‚¬5155,126.9505818000,37.5976333900
¤ì‚¬4148,126.8378648000,37.5339609800
¤ì‚¬4747,126.9058440000,37.5253090700
¤ì‚¬6154,127.0639131000,37.5890931000
¤ì‚¬5851,127.0301033000,37.5619229200
¤ì‚¬5444,126.9852474000,37.4986411900
¤ì‚¬5061,126.9388477000,37.6516583700
¤ì‚¬5542,126.9966812000,37.4806632800
¤ì‚¬6143,127.0644902000,37.4899463000
¤ì‚¬5758,127.0183744000,37.6249697500
¤ì‚¬4947,126.9284775000,37.5254207700
¤ì‚¬4850,126.9169502000,37.5524048800
¤ì‚¬4249,126.8491043000,37.5430369200
¤ì‚¬6360,127.0862669000,37.6432541400
¤ì‚¬7150,127.1773361000,37.5534035700
¤ì‚¬5255,126.9619096000,37.5976855800
¤ì‚¬4948,126.9284087000,37.5344339400
¤ì‚¬5860,127.0295928000,37.6430417700
¤ì‚¬5049,126.9396594000,37.5435013600
¤ì‚¬3650,126.7811029000,37.5516559000
¤ì‚¬6546,127.1095961000,37.5171447900
¤ì‚¬6338,127.0873613000,37.4449601300
¤ì‚¬6047,127.0529636000,37.5259575800
¤ì‚¬4755,126.9052711000,37.5974137700
¤ì‚¬4742,126.9062011000,37.4802431900
¤ì‚¬5749,127.0188967000,37.5438507800
¤ì‚¬5253,126.9620393000,37.5796593200
¤ì‚¬6557,127.1090783000,37.6162916900
¤ì‚¬7053,127.1658939000,37.5804123200
¤ì‚¬6159,127.0636499000,37.6341592700
¤ì‚¬6450,127.0980869000,37.5531604100
¤ì‚¬4152,126.8375457000,37.5700129100
¤ì‚¬5058,126.9390510000,37.6246193100
¤ì‚¬5750,127.0188388000,37.5528640600
¤ì‚¬5455,126.9845651000,37.5977867000
¤ì‚¬4857,126.9164580000,37.6154963700
¤ì‚¬6256,127.0751373000,37.6071609400
¤ì‚¬4550,126.8829879000,37.5522322900
¤ì‚¬6153,127.0639657000,37.5800798200
¤ì‚¬5949,127.0415362000,37.5439408500
¤ì‚¬4542,126.8835813000,37.4801273400
¤ì‚¬5656,127.0071614000,37.6068966400
¤ì‚¬5965,127.0406499000,37.6881520400
¤ì‚¬4853,126.9167394000,37.5794441800
¤ì‚¬5938,127.0421419000,37.4447936000
¤ì‚¬5661,127.0068637000,37.6519623100
¤ì‚¬5251,126.9621690000,37.5616329900
¤ì‚¬6458,127.0976990000,37.6252668700
¤ì‚¬5765,127.0179667000,37.6880615000
¤ì‚¬5957,127.0410938000,37.6160468900
¤ì‚¬5341,126.9741242000,37.4715514300
¤ì‚¬5056,126.9391864000,37.6065931900
¤ì‚¬6440,127.0985699000,37.4630260800
¤ì‚¬4957,126.9277883000,37.6155518600
¤ì‚¬7151,127.1772972000,37.5624170000
¤ì‚¬5854,127.0299333000,37.5889626600
¤ì‚¬4344,126.8608081000,37.4980334100
¤ì‚¬4750,126.9056294000,37.5523484400
¤ì‚¬6544,127.1096900000,37.4991179000
¤ì‚¬5346,126.9738081000,37.5166179000
¤ì‚¬4951,126.9282022000,37.5614733700
¤ì‚¬4751,126.9055578000,37.5613615300
¤ì‚¬5044,126.9399963000,37.4984353400
¤ì‚¬5946,127.0417017000,37.5169008600
¤ì‚¬6261,127.0748806000,37.6522270300
¤ì‚¬4852,126.9168097000,37.5704310900
¤ì‚¬3551,126.7696945000,37.5605992800
¤ì‚¬5344,126.9739346000,37.4985913600
¤ì‚¬5766,127.0179083000,37.6970745500
¤ì‚¬5254,126.9619745000,37.5886724600
¤ì‚¬6656,127.1204550000,37.6073153800
¤ì‚¬5442,126.9853711000,37.4806145600
¤ì‚¬4546,126.8832849000,37.5161799300
¤ì‚¬6144,127.0644378000,37.4989597200
¤ì‚¬6347,127.0869149000,37.5260812100
¤ì‚¬5443,126.9853093000,37.4896278800
¤ì‚¬6641,127.1211397000,37.4721142600
¤ì‚¬4646,126.8946002000,37.5162384700
¤ì‚¬6541,127.1098307000,37.4720774600
¤ì‚¬3550,126.7697825000,37.5515864300
¤ì‚¬4939,126.9290266000,37.4533149000
¤ì‚¬5746,127.0190704000,37.5168108800
¤ì‚¬4549,126.8830622000,37.5432192200
¤ì‚¬5142,126.9514409000,37.4804618900
¤ì‚¬5548,126.9963180000,37.5347431100
¤ì‚¬5950,127.0414810000,37.5529541500
¤ì‚¬5348,126.9736814000,37.5346444000
¤ì‚¬6945,127.1549011000,37.5082722400
¤ì‚¬5564,126.9953446000,37.6789535700
¤ì‚¬4154,126.8373860000,37.5880387900
¤ì‚¬3754,126.7920821000,37.5877757700
¤ì‚¬5237,126.9630732000,37.4354471900
¤ì‚¬6657,127.1204092000,37.6163286800
¤ì‚¬5459,126.9843162000,37.6338391900
¤ì‚¬4454,126.8713643000,37.5882246500
¤ì‚¬5559,126.9956495000,37.6338881800
¤ì‚¬6460,127.0976018000,37.6432933400
¤ì‚¬4241,126.8497301000,37.4709323300
¤ì‚¬6461,127.0975531000,37.6523065600
¤ì‚¬3856,126.8032400000,37.6058688500
¤ì‚¬6238,127.0760564000,37.4449201200
¤ì‚¬6036,127.0535538000,37.4268098700
¤ì‚¬3750,126.7924233000,37.5517242900
¤ì‚¬3748,126.7925936000,37.5336984600
¤ì‚¬6266,127.0746234000,37.6972927900
¤ì‚¬4837,126.9178604000,37.4352331700
¤ì‚¬4453,126.8714401000,37.5792116600
¤ì‚¬6452,127.0979900000,37.5711871000
¤ì‚¬3552,126.7696065000,37.5696121100
¤ì‚¬5038,126.9403997000,37.4443556700
¤ì‚¬6651,127.1206837000,37.5622486900
¤ì‚¬5458,126.9843785000,37.6248260900
¤ì‚¬6459,127.0976504000,37.6342801100
¤ì‚¬3752,126.7922528000,37.5697500500
¤ì‚¬5565,126.9952835000,37.6879666000
¤ì‚¬3652,126.7809296000,37.5696816300
¤ì‚¬5137,126.9517700000,37.4353953100
¤ì‚¬5239,126.9629444000,37.4534739000
¤ì‚¬6552,127.1093140000,37.5712251200
¤ì‚¬4759,126.9049839000,37.6334657800
¤ì‚¬3848,126.8039114000,37.5337657200
¤ì‚¬5340,126.9741873000,37.4625380900
¤ì‚¬6136,127.0648559000,37.4268520200
¤ì‚¬4054,126.8260600000,37.5879746700
¤ì‚¬5866,127.0292513000,37.6971203800
¤ì‚¬4637,126.8952542000,37.4351196700
¤ì‚¬6166,127.0632804000,37.6972513200
¤ì‚¬6852,127.1432861000,37.5713326600
¤ì‚¬7250,127.1886574000,37.5534339700
¤ì‚¬3653,126.7808430000,37.5786944700
¤ì‚¬4655,126.8939435000,37.5973561400
¤ì‚¬4452,126.8715158000,37.5701986500
¤ì‚¬5037,126.9404668000,37.4353423400
¤ì‚¬5138,126.9517042000,37.4444086500
¤ì‚¬3751,126.7923381000,37.5607371800
¤ì‚¬6464,127.0974071000,37.6793461300
¤ì‚¬4141,126.8384217000,37.4708695600
¤ì‚¬5937,127.0421968000,37.4357801300
¤ì‚¬5139,126.9516384000,37.4534219800
¤ì‚¬3753,126.7921675000,37.5787629200
¤ì‚¬5665,127.0066251000,37.6880146000
¤ì‚¬6439,127.0986180000,37.4540125800
¤ì‚¬4555,126.8826160000,37.5972974300
¤ì‚¬5936,127.0422517000,37.4267666500
¤ì‚¬3955,126.8146513000,37.5969223300
¤ì‚¬4353,126.8601153000,37.5791508100
¤ì‚¬6553,127.1092669000,37.5802384600
¤ì‚¬6463,127.0974558000,37.6703329600
¤ì‚¬5261,126.9615196000,37.6517640400
¤ì‚¬5238,126.9630088000,37.4444605600
¤ì‚¬6366,127.0859665000,37.6973331600
¤ì‚¬4441,126.8723469000,37.4710546300
¤ì‚¬6237,127.0761072000,37.4359066100
¤ì‚¬5462,126.9841292000,37.6608784200
¤ì‚¬5666,127.0065654000,37.6970276300
¤ì‚¬5839,127.0307808000,37.4537627100
¤ì‚¬3855,126.8033240000,37.5968560100
¤ì‚¬4938,126.9290951000,37.4443016100
¤ì‚¬4761,126.9048401000,37.6514917000
¤ì‚¬6241,127.0759037000,37.4719605600
¤ì‚¬6066,127.0519373000,37.6972087700
¤ì‚¬6462,127.0975045000,37.6613197700
¤ì‚¬6942,127.1550255000,37.4812317100
¤ì‚¬5838,127.0308371000,37.4447492700
¤ì‚¬5460,126.9842539000,37.6428522800
¤ì‚¬3755,126.7919968000,37.5967886000
¤ì‚¬3651,126.7810163000,37.5606687700
¤ì‚¬5338,126.9743135000,37.4445113800
¤ì‚¬3649,126.7811894000,37.5426430200
¤ì‚¬5439,126.9855564000,37.4535745000
¤ì‚¬6551,127.1093611000,37.5622117700
¤ì‚¬3849,126.8038276000,37.5427786600
¤ì‚¬3850,126.8037437000,37.5517915800
¤ì‚¬4551,126.8829136000,37.5612453500
¤ì‚¬6558,127.1090311000,37.6253049600
¤ì‚¬5562,126.9954666000,37.6609274500
¤ì‚¬6140,127.0646470000,37.4629059800
¤ì‚¬6947,127.1548180000,37.5262992000
¤ì‚¬4253,126.8487906000,37.5790888800
¤ì‚¬5763,127.0180833000,37.6700353600
¤ì‚¬6654,127.1205465000,37.5892887500
¤ì‚¬5837,127.0308933000,37.4357358100
¤ì‚¬6465,127.0973584000,37.6883592900
¤ì‚¬4041,126.8271134000,37.4708057000
¤ì‚¬5358,126.9730466000,37.6247760300
¤ì‚¬5260,126.9615847000,37.6427510000
¤ì‚¬5339,126.9742504000,37.4535247400
¤ì‚¬6752,127.1319620000,37.5712979000
¤ì‚¬4053,126.8261412000,37.5789617500
¤ì‚¬7249,127.1886949000,37.5444205100
¤ì‚¬4552,126.8828393000,37.5702583900
¤ì‚¬6265,127.0746749000,37.6882796600
¤ì‚¬5259,126.9616497000,37.6337379400
