,index,gid,구이름,lon,lat,심야약국,전체약국,응급실,상비의약품,경찰서,고위험군,총인구,구가중치,sum,순위
0,59,ㅼ궗4146,양천구,126.8380241,37.51593492,-0.0,14,0.5,0.2857142857142857,0.25,1.3862593328310158,1.3093338036241788,3.0,6.731307422169481,1
1,92,ㅼ궗4347,양천구,126.8605775,37.52507267,-0.0,17,0.5,0.365079365079365,0.25,1.1714500993218713,1.231294916449892,3.0,6.5178243808511285,2
2,114,ㅼ궗4447,양천구,126.8718941,37.52513339,-0.0,26,0.0,0.3333333333333333,0.0,1.5396944996232618,1.6388607204267889,3.0,6.511888553383384,3
3,854,ㅼ궗6353,중랑구,127.0866163,37.58016132,-0.0,26,0.5,0.3968253968253968,0.25,1.6828549900678127,1.664300515850271,2.0,6.4939809027434805,4
4,117,ㅼ궗4449,양천구,126.8717429,37.54315954,-0.0,17,0.0,0.2063492063492063,0.0,1.4359887663538595,1.6228120453242805,3.0,6.265150018027346,5
5,624,ㅼ궗5850,성동구,127.0301599,37.55290965,-0.0,8,0.0,0.1111111111111111,0.5,1.871224056442222,1.7586967064944226,2.0,6.241031874047756,6
6,769,ㅼ궗6152,동대문구,127.0640182,37.57106653,-0.0,19,0.0,0.6666666666666666,0.25,1.6916227138845126,1.6047352409505753,2.0,6.213024621501754,7
7,79,ㅼ궗4247,양천구,126.849261,37.52501085,-0.0,10,0.0,0.3492063492063492,0.25,1.3314610589766422,1.215863498082095,3.0,6.146530906265086,8
8,416,ㅼ궗5342,동작구,126.974061,37.48056475,-0.0,18,0.0,0.5555555555555556,0.5,1.441742585108569,1.6179180812133505,2.0,6.115216221877475,9
10,91,ㅼ궗4346,양천구,126.8606544,37.51605959,-0.0,11,0.0,0.2063492063492063,0.25,1.2973491335022946,1.338388959922402,3.0,6.092087299773903,10
11,80,ㅼ궗4248,강서구,126.8491826,37.53402389,-0.0,15,0.0,0.4126984126984127,0.0,1.7438180697308034,1.931396322913452,2.0,6.087912805342668,11
12,60,ㅼ궗4147,양천구,126.8379444,37.52494796,-0.0,15,0.0,0.3968253968253968,0.0,1.4528392355640796,1.1924518319298092,3.0,6.042116464319285,12
13,417,ㅼ궗5343,동작구,126.9739978,37.48957806,-0.0,7,0.0,0.3333333333333333,0.0,1.916569628056716,1.718927736872272,2.0,5.968830698262321,13
14,965,ㅼ궗6748,강동구,127.1321393,37.53524431,-0.0,25,0.5,0.746031746031746,0.0,1.721761764504418,2.0,1.0,5.967793510536164,14
15,62,ㅼ궗4148,양천구,126.8378648,37.53396098,-0.0,24,0.0,0.4444444444444444,0.25,1.6961435714774984,0.5254177505400996,3.0,5.9160057664620425,15
16,844,ㅼ궗6345,송파구,127.0870142,37.5080544,-0.0,51,0.0,0.3809523809523809,0.25,1.530789780121926,1.7407962611877783,2.0,5.902538422262086,16
17,115,ㅼ궗4448,양천구,126.8718185,37.53414647,-0.0,7,0.0,0.2063492063492063,0.0,1.1763819439687648,1.4050967770380494,3.0,5.7878279273560205,17
18,940,ㅼ궗6644,송파구,127.1210031,37.49915474,-0.0,19,0.5,0.3333333333333333,0.25,1.2618672511815878,1.356245315462281,2.0,5.701445899977202,18
19,66,ㅼ궗4150,강서구,126.8377053,37.55198697,-0.0,17,0.5,0.1269841269841269,0.0,1.4801013768066305,1.5694193377717032,2.0,5.67650484156246,19
20,171,ㅼ궗4647,영등포구,126.8945274,37.5252516,-0.0,17,1.0,0.5079365079365079,0.25,0.8643057743681074,0.9916670340813896,2.0,5.613909316386005,20
21,89,ㅼ궗4345,양천구,126.8607313,37.50704651,-0.0,13,0.0,0.238095238095238,0.25,1.495581889170491,0.6248842643622415,3.0,5.608561391627971,21
22,77,ㅼ궗4246,양천구,126.8493392,37.5159978,-0.0,8,0.0,0.1904761904761904,0.25,1.1293924241386395,1.0344781976103343,3.0,5.604346812225165,22
23,266,ㅼ궗4944,관악구,126.9286836,37.49838117,-0.0,21,0.0,0.5079365079365079,0.0,1.4337968353996848,1.6537630615934042,2.0,5.595496404929597,23
25,856,ㅼ궗6355,중랑구,127.0865165,37.59818791,-0.0,14,0.0,0.5079365079365079,0.0,1.4446194944859236,1.5927869141572242,2.0,5.545342916579656,24
26,44,ㅼ궗4048,양천구,126.8265469,37.53389697,-0.0,12,0.5,0.3492063492063492,0.0,0.846496335365436,0.8444072130858428,3.0,5.540109897657628,25
27,252,ㅼ궗4857,은평구,126.916458,37.61549637,-0.0,20,0.5,0.6031746031746031,0.25,1.5157202548119733,1.653366253692518,1.0,5.522261111679095,26
29,578,ㅼ궗5751,성동구,127.0187808,37.56187732,-0.0,25,0.0,0.3968253968253968,0.5,1.3595451743270086,1.216789383184163,2.0,5.473159954336568,28
31,65,ㅼ궗4149,양천구,126.8377851,37.54297398,-0.0,32,0.0,0.5396825396825397,0.25,1.6090143160490444,0.0678100612847758,3.0,5.46650691701636,29
32,203,ㅼ궗4747,영등포구,126.905844,37.52530907,-0.0,15,0.5,0.3968253968253968,0.0,1.1228166312761148,1.382302367620475,2.0,5.401944395721987,30
33,112,ㅼ궗4446,양천구,126.8719696,37.5161203,-0.0,5,0.0,0.1269841269841269,0.0,1.0869237619015,1.1649398174683656,3.0,5.378847706353993,31
34,133,ㅼ궗4545,구로구,126.883359,37.5071668,-0.0,18,0.0,0.2222222222222222,0.0,1.6379204055072265,1.5020060843878136,2.0,5.362148712117262,32
35,941,ㅼ궗6645,송파구,127.1209575,37.5081682,-0.0,18,0.0,0.3174603174603174,0.25,1.38173847523803,1.4095939332480931,2.0,5.35879272594644,33
36,94,ㅼ궗4348,양천구,126.8605006,37.53408572,-0.0,20,0.0,0.3015873015873015,0.25,1.4685937392972122,0.3356553943829637,3.0,5.355836435267477,34
37,97,ㅼ궗4349,양천구,126.8604236,37.54309877,-0.0,8,0.0,0.3015873015873015,0.5,1.0200698677991642,0.5280190467792425,3.0,5.349676216165708,35
38,910,ㅼ궗6544,송파구,127.10969,37.4991179,-0.0,28,0.0,0.3333333333333333,0.0,1.5339406808685525,1.4644856928706846,2.0,5.33175970707257,36
39,251,ㅼ궗4856,은평구,126.9165284,37.60648334,-0.0,14,0.0,0.4285714285714285,0.25,1.7750530858277964,1.846435342357039,1.0,5.300059856756264,37
40,719,ㅼ궗6053,동대문구,127.0526404,37.58003744,-0.0,17,0.5,0.3333333333333333,0.25,1.1321323378313584,1.06758961245095,2.0,5.283055283615642,38
42,301,ㅼ궗5045,동작구,126.939929,37.50744858,-0.0,23,0.0,0.3333333333333333,0.25,1.3183094732515923,1.335434945549138,2.0,5.237077752134064,40
43,589,ㅼ궗5756,성북구,127.0184906,37.60694341,-0.0,15,0.0,0.2222222222222222,0.25,1.9482156312076169,1.8087385917728496,1.0,5.229176445202689,41
45,642,ㅼ궗5860,도봉구,127.0295928,37.64304177,-0.0,16,1.0,0.5079365079365079,0.75,1.3202274128364957,0.6487809179489441,1.0,5.226944838721948,42
47,300,ㅼ궗5044,동작구,126.9399963,37.49843534,-0.0,10,0.0,0.1746031746031746,0.0,1.529282827590931,1.5210969533971166,2.0,5.224982955591222,43
48,201,ㅼ궗4745,영등포구,126.9059869,37.50728276,-0.0,22,0.0,0.2857142857142857,0.0,1.506267552572094,1.4066840086415944,2.0,5.198665846927974,44
49,892,ㅼ궗6455,중랑구,127.0978446,37.59822705,-0.0,22,0.0,0.3492063492063492,0.25,1.3054318788958148,1.2906838322825271,2.0,5.195322060384691,45
50,32,ㅼ궗3952,강서구,126.8148992,37.56988365,-0.0,11,0.0,0.3015873015873015,0.0,1.510514418795808,1.3697808738591772,2.0,5.181882594242287,46
51,195,ㅼ궗4743,구로구,126.9061297,37.48925639,-0.0,26,1.0,0.3333333333333333,0.25,1.0770600726077129,0.5119703716767339,2.0,5.17236377761778,47
55,720,ㅼ궗6054,동대문구,127.0525865,37.58905071,-0.0,24,0.0,0.5396825396825397,0.5,0.9591067881361736,1.173008244786385,2.0,5.171797572605098,48
56,704,ㅼ궗6044,강남구,127.0531248,37.49891746,-0.0,27,0.5,0.6825396825396826,0.0,1.2937872457017603,1.6819364225563247,1.0,5.158263350797768,49
57,88,ㅼ궗4344,구로구,126.8608081,37.49803341,-0.0,16,0.5,0.2063492063492063,0.0,1.269402013836564,1.180591684669988,2.0,5.156342904855759,50
58,893,ㅼ궗6456,중랑구,127.0977961,37.60724034,-0.0,13,0.0,0.1746031746031746,0.0,1.545448318377971,1.4354746263392266,2.0,5.155526119320372,51
59,980,ㅼ궗6850,강동구,127.143372,37.55330587,-0.0,15,0.0,0.1428571428571428,0.25,1.982875539420508,1.771703187690137,1.0,5.147435869967788,52
61,118,ㅼ궗4450,양천구,126.8716672,37.55217259,-0.0,17,0.0,0.2698412698412698,0.25,1.5688745804507158,0.0488073718090031,3.0,5.137523222100989,54
62,594,ㅼ궗5759,강북구,127.0183162,37.6339829,-0.0,29,0.5,0.6190476190476191,0.25,1.3720117816288786,1.387460870331996,1.0,5.128520271008494,55
63,575,ㅼ궗5749,성동구,127.0188967,37.54385078,-0.0,16,0.0,0.1904761904761904,0.25,1.408452633742037,1.225298708169834,2.0,5.074227532388061,56
64,74,ㅼ궗4244,구로구,126.8494957,37.49797165,-0.0,5,0.0,0.2539682539682539,0.0,1.4258510856908009,1.3720294519641991,2.0,5.051848791623254,57
66,250,ㅼ궗4855,은평구,126.9165988,37.5974703,-0.0,23,0.0,0.4761904761904761,0.0,1.7720391807658058,1.7888981967285391,1.0,5.037127853684821,59
67,645,ㅼ궗5862,도봉구,127.029479,37.66106803,-0.0,10,0.0,0.3333333333333333,0.25,1.780258921843962,1.6657113883867554,1.0,5.029303643564051,60
68,336,ㅼ궗5145,동작구,126.9512431,37.50750168,-0.0,10,0.0,0.2698412698412698,0.0,1.3532433728337556,1.4061549314404127,2.0,5.029239574115438,61
69,81,ㅼ궗4249,강서구,126.8491043,37.54303692,-0.0,7,0.0,0.2698412698412698,0.0,1.2769367764915405,1.4356950751730524,2.0,4.982473121505863,62
70,172,ㅼ궗4648,양천구,126.8944545,37.53426471,-0.0,10,0.0,0.365079365079365,0.0,0.736351804918145,0.8404832238437459,3.0,4.941914393841256,63
71,158,ㅼ궗4640,금천구,126.8950365,37.46215939,-0.0,8,0.0,0.3809523809523809,0.25,1.1318583464620864,1.1767999647281866,2.0,4.939610692142654,64
72,335,ㅼ궗5144,동작구,126.9513091,37.49848843,-0.0,11,0.0,0.3174603174603174,0.0,1.2543324885266114,1.356201225695516,2.0,4.927994031682445,65
75,783,ㅼ궗6162,노원구,127.0634917,37.6611988,-0.0,19,0.0,0.4603174603174603,0.25,1.5844920884992122,1.617433093778934,1.0,4.912242642595606,67
76,263,ㅼ궗4943,동작구,126.9287523,37.48936795,-0.0,26,0.5,0.6825396825396826,0.25,1.228029317076512,0.2238878356333495,2.0,4.884456835249544,68
78,189,ㅼ궗4740,금천구,126.9063436,37.46221674,-0.0,15,0.0,0.1587301587301587,0.0,1.3644770189739022,1.3588466117014242,2.0,4.882053789405485,69
80,202,ㅼ궗4746,영등포구,126.9059155,37.51629592,-0.0,33,0.5,0.5555555555555556,0.5,0.6075758613603671,0.6786296900489397,2.0,4.841761106964862,70
81,979,ㅼ궗6849,강동구,127.143415,37.54429245,-0.0,25,0.0,0.3015873015873015,0.0,1.771765189396534,1.7600634892641418,1.0,4.8334159802479775,71
82,828,ㅼ궗6261,노원구,127.0748806,37.65222703,-0.0,16,0.0,0.2698412698412698,0.25,1.533118706760737,1.773643137427803,1.0,4.82660311402981,72
83,911,ㅼ궗6545,송파구,127.1096431,37.50813135,-0.0,33,0.0,0.4285714285714285,0.0,1.0688403315295567,1.3276751465984744,2.0,4.825086906699459,73
84,82,ㅼ궗4250,강서구,126.8490259,37.55204993,-0.0,15,0.0,0.4444444444444444,0.25,0.9695184601685046,1.1491997707332129,2.0,4.813162675346162,74
85,134,ㅼ궗4546,양천구,126.8832849,37.51617993,-0.0,4,0.0,0.2698412698412698,0.0,0.8871840537023084,0.6552180238966536,3.0,4.812243347440232,75
86,199,ㅼ궗4744,영등포구,126.9060583,37.49826959,-0.0,17,0.0,0.238095238095238,0.0,1.3472155627097746,1.2267977602398483,2.0,4.812108561044861,76
88,31,ㅼ궗3951,강서구,126.8149817,37.56087073,-0.0,9,0.0,0.1428571428571428,0.0,1.426947051167888,1.2397160619020324,2.0,4.809520255927064,77
89,891,ㅼ궗6454,중랑구,127.0978931,37.58921375,-0.0,10,0.0,0.1904761904761904,0.25,1.165970271936434,1.1995061946122303,2.0,4.805952657024855,78
90,780,ㅼ궗6159,노원구,127.0636499,37.63415927,-0.0,11,0.0,0.2063492063492063,0.25,1.6675114733885883,1.6668136325558838,1.0,4.790674312293678,79
91,627,ㅼ궗5852,성동구,127.0300466,37.57093618,-0.0,16,0.5,0.2698412698412698,0.25,1.0776080553462566,0.6886821568713901,2.0,4.7861314820589165,80
93,333,ㅼ궗5143,동작구,126.951375,37.48947517,-0.0,18,0.5,0.2539682539682539,0.0,1.811219946571683,0.1870728803844627,2.0,4.7522610809244,81
95,669,ㅼ궗5951,성동구,127.0414257,37.56196744,-0.0,19,0.5,0.3968253968253968,0.25,0.6760737036783341,0.8944050085975045,2.0,4.717304109101235,82
96,193,ㅼ궗4742,구로구,126.9062011,37.48024319,-0.0,16,0.5,0.4126984126984127,0.0,1.203370093842044,0.5839689608041974,2.0,4.700037467344654,83
99,973,ㅼ궗6844,송파구,127.1436294,37.49922516,-0.0,15,0.0,0.2857142857142857,0.25,1.0604835947667648,1.1024205281954058,2.0,4.698618408676456,84
100,815,ㅼ궗6254,중랑구,127.0752398,37.5891344,-0.0,13,0.0,0.4444444444444444,0.25,0.9717103911226797,1.0255279749570123,2.0,4.691682810524137,85
102,234,ㅼ궗4844,동작구,126.917371,37.49832592,-0.0,12,0.0,0.2539682539682539,0.5,1.213096787451195,0.7234248930823156,2.0,4.690489934501764,86
104,565,ㅼ궗5744,서초구,127.019186,37.4987842,-0.0,13,0.0,0.4761904761904761,0.0,1.6477840948010136,1.556148317975398,1.0,4.680122888966888,87
105,56,ㅼ궗4144,구로구,126.8381832,37.49790882,-0.0,4,0.0,0.3492063492063492,0.5,0.9115692855675046,0.9168907896477227,2.0,4.677666424421576,88
106,164,ㅼ궗4643,영등포구,126.8948185,37.48919899,-0.0,26,0.0,0.4126984126984127,0.75,1.2313172135077746,0.274150169745602,2.0,4.668165795951789,89
108,449,ㅼ궗5443,동작구,126.9853093,37.48962788,-0.0,26,0.0,0.4126984126984127,0.25,1.0197958764298924,0.9481063445174376,2.0,4.630600633645742,90
109,817,ㅼ궗6255,중랑구,127.0751885,37.59814768,-0.0,17,0.0,0.3333333333333333,0.25,1.0574696897047742,0.9860235439354526,2.0,4.62682656697356,91
111,626,ㅼ궗5851,성동구,127.0301033,37.56192292,-0.0,22,0.5,0.5238095238095237,0.0,1.485444208507432,0.1108416736475464,2.0,4.620095405964502,92
113,138,ㅼ궗4547,양천구,126.8832107,37.52519304,-0.0,4,0.0,0.2857142857142857,0.0,0.6612781697376532,0.6713107887659274,3.0,4.618303244217866,93
115,880,ㅼ궗6446,송파구,127.0982803,37.51710684,-0.0,21,0.0,0.1269841269841269,0.25,1.186793616001096,1.0328468762400247,2.0,4.596624619225247,95
116,825,ㅼ궗6258,노원구,127.0750347,37.62518742,-0.0,23,0.0,0.5873015873015872,0.25,1.3141996027125145,1.440765398351043,1.0,4.592266588365145,96
117,878,ㅼ궗6444,송파구,127.0983769,37.49907998,-0.0,2,0.0,0.238095238095238,0.25,0.9721213781765874,1.1273753361844716,2.0,4.587591952456297,97
118,576,ㅼ궗5750,중구,127.0188388,37.55286406,-0.0,17,0.0,0.2222222222222222,0.25,1.707788204671553,0.3904148847052599,2.0,4.570425311599035,98
120,912,ㅼ궗6546,송파구,127.1095961,37.51714479,-0.0,13,0.0,0.4444444444444444,0.0,1.0029454072196726,1.094572549711212,2.0,4.541962401375329,99
121,957,ㅼ궗6742,송파구,127.1324046,37.4811635,-0.0,9,0.0,0.0317460317460317,0.5,1.0451400780875402,0.9638463912525904,2.0,4.540732501086162,100
122,237,ㅼ궗4846,영등포구,126.9172309,37.5163523,-0.0,13,0.5,0.238095238095238,0.25,0.6874443455031166,0.8611613244565937,2.0,4.536700908054948,101
123,771,ㅼ궗6154,동대문구,127.0639131,37.5890931,-0.0,11,0.5,0.1269841269841269,0.0,0.8923898897184739,1.0124333142277675,2.0,4.531807330930368,102
124,959,ㅼ궗6744,송파구,127.1323162,37.49919049,-0.0,16,0.0,0.2222222222222222,0.0,1.1272004931844646,1.1518010669723555,2.0,4.501223782379043,103
125,46,ㅼ궗4049,양천구,126.8264659,37.54290996,-0.0,2,0.0,0.238095238095238,0.25,0.6277142270018494,0.3628587804770513,3.0,4.478668245574139,104
126,139,ㅼ궗4548,양천구,126.8831365,37.53420614,-0.0,10,0.5,0.0793650793650793,0.25,0.6400438386190834,0.0,3.0,4.469408917984163,105
127,166,ㅼ궗4644,구로구,126.8947457,37.49821217,-0.0,13,0.5,0.365079365079365,0.25,0.8536201109665045,0.4998015960495569,2.0,4.468501072095426,106
130,770,ㅼ궗6153,동대문구,127.0639657,37.58007982,-0.0,13,0.0,0.2063492063492063,0.25,1.0399342420713746,0.968387637229399,2.0,4.4646710856499805,108
131,33,ㅼ궗3953,강서구,126.8148166,37.57889656,-0.0,7,0.0,0.1746031746031746,0.25,1.0651414480443866,0.9734138706406243,2.0,4.463158493288185,109
132,995,ㅼ궗7050,강동구,127.1660147,37.55337209,-0.0,10,0.0,0.1111111111111111,0.25,1.6944996232618672,1.4018341342974296,1.0,4.457444868670407,110
133,132,ㅼ궗4544,구로구,126.8834332,37.49815366,-0.0,14,0.0,0.3492063492063492,0.25,0.9238988971847386,0.9158326352453596,2.0,4.438937881636447,111
134,76,ㅼ궗4245,양천구,126.8494175,37.50698473,-0.0,10,0.0,0.1904761904761904,0.0,1.0339064319473936,0.2110136237379304,3.0,4.435396246161515,112
135,593,ㅼ궗5758,강북구,127.0183744,37.62496975,-0.0,7,0.0,0.3492063492063492,0.25,1.45653811904925,1.377672942110136,1.0,4.433417410365735,113
136,586,ㅼ궗5753,종로구,127.0186648,37.57990379,-0.0,12,0.0,0.3968253968253968,0.25,1.2210425371600797,0.5613950002204489,2.0,4.429262934205925,114
138,958,ㅼ궗6743,송파구,127.1323604,37.490177,-0.0,11,0.0,0.1111111111111111,0.0,1.1452839235564078,1.1718619108504915,2.0,4.428256945518011,115
139,829,ㅼ궗6262,노원구,127.0748292,37.66124021,-0.0,21,0.0,0.2698412698412698,0.0,1.6027125145557914,1.55187161059918,1.0,4.424425394996241,116
140,945,ㅼ궗6648,송파구,127.1208207,37.53520851,-0.0,22,0.0,0.4603174603174603,0.0,1.238440989108843,0.7231603544817248,2.0,4.421918803908028,117
141,960,ㅼ궗6745,송파구,127.132272,37.50820397,-0.0,9,0.0,0.1428571428571428,0.25,1.0362353585862043,0.983863145363961,2.0,4.412955646807308,118
142,819,ㅼ궗6256,동대문구,127.0751373,37.60716094,-0.0,8,0.0,0.3015873015873015,0.0,1.0774710596616206,1.019443587143424,2.0,4.398501948392346,119
144,47,ㅼ궗4050,양천구,126.8263848,37.55192293,-0.0,6,0.0,0.1746031746031746,0.25,0.968696486060689,0.0,3.0,4.393299660663864,120
146,582,ㅼ궗5752,동대문구,127.0187228,37.57089056,-0.0,17,0.0,0.6031746031746031,0.25,0.9776012055620248,0.545963581852652,2.0,4.37673939058928,122
152,978,ㅼ궗6848,강동구,127.1434579,37.53527902,-0.0,24,0.0,0.2698412698412698,0.0,1.5280498664292077,1.5424804902782063,1.0,4.340371626548683,125
153,823,ㅼ궗6257,중랑구,127.075086,37.61617418,-0.0,16,0.0,0.492063492063492,0.0,1.1008973217343654,0.7359022970768485,2.0,4.328863110874706,126
154,159,ㅼ궗4641,금천구,126.8949638,37.47117261,-0.0,16,0.0,0.4444444444444444,0.0,0.7845742859099938,1.0906485604691152,2.0,4.319667290823554,127
155,98,ㅼ궗4350,양천구,126.8603466,37.5521118,-0.0,10,0.0,0.2698412698412698,0.0,0.9406123707103226,0.1054627221022,3.0,4.315916362653793,128
156,262,ㅼ궗4942,관악구,126.9288209,37.48035471,-0.0,27,0.5,0.4285714285714285,0.25,1.121994657168299,0.0,2.0,4.300566085739728,129
157,851,ㅼ궗6351,광진구,127.0867159,37.56213467,-0.0,15,0.0,0.2222222222222222,0.75,1.09130762380985,1.2204929235924342,1.0,4.284022769624507,130
158,376,ㅼ궗5243,동작구,126.9626864,37.48952716,-0.0,8,0.0,0.1428571428571428,0.0,1.5161312418658812,0.6180062607468807,2.0,4.276994645469905,131
160,253,ㅼ궗4858,은평구,126.9163875,37.62450939,-0.0,17,0.5,0.3333333333333333,0.0,1.186793616001096,1.254442044001587,1.0,4.2745689933360165,132
161,781,ㅼ궗6160,노원구,127.0635972,37.64317246,-0.0,12,0.0,0.1904761904761904,0.25,1.435440783615316,1.3833164322560734,1.0,4.25923340634758,133
162,703,ㅼ궗6043,강남구,127.0531785,37.48990406,-0.0,9,0.0,0.0952380952380952,0.0,1.5923008425234604,1.5470658260217804,1.0,4.234604763783336,134
163,331,ㅼ궗5142,관악구,126.9514409,37.48046189,-0.0,37,0.5,0.7777777777777777,0.0,0.9466401808343036,0.0,2.0,4.224417958612081,135
164,343,ㅼ궗5148,영등포구,126.951045,37.53454134,-0.0,5,0.0,0.1746031746031746,0.0,1.2699499965751078,0.7717031876901371,2.0,4.216256358868419,136
166,501,ㅼ궗5554,종로구,126.9959538,37.58882245,-0.0,7,0.0,0.3015873015873015,0.75,0.5625042811151448,0.6003703540408272,2.0,4.214461936743273,137
167,858,ㅼ궗6357,중랑구,127.0864167,37.61621444,-0.0,3,0.0,0.1111111111111111,0.25,0.9597917665593534,0.8663639169348795,2.0,4.187266794605344,138
168,939,ㅼ궗6643,송파구,127.1210487,37.49014126,-0.0,22,0.0,0.3809523809523809,0.0,0.8745804507158024,0.931131784312861,2.0,4.186664615981044,139
169,588,ㅼ궗5755,성북구,127.0185487,37.59793022,-0.0,17,0.0,0.2539682539682539,0.0,1.4240701417905337,1.5083550108019927,1.0,4.18639340656078,140
170,73,ㅼ궗4243,구로구,126.8495738,37.48895856,-0.0,4,0.0,0.1587301587301587,0.0,1.0254126994999655,0.9884484811075348,2.0,4.172591339337659,141
172,168,ㅼ궗4645,구로구,126.894673,37.50722532,-0.0,12,0.0,0.2222222222222222,0.0,1.0822659086238784,0.832591155592787,2.0,4.137079286438888,143
174,845,ㅼ궗6346,송파구,127.0869646,37.51706781,-0.0,1,0.0,0.0158730158730158,0.0,1.0834988697856016,1.033596402275032,2.0,4.132968287933649,144
175,169,ㅼ궗4646,영등포구,126.8946002,37.51623847,-0.0,14,0.0,0.2063492063492063,0.25,0.8888280019179395,0.7769939597019532,2.0,4.122171167969099,145
177,67,ㅼ궗4151,강서구,126.8376255,37.56099995,-0.0,13,0.5,0.4603174603174603,0.0,0.5412699499965751,0.6170803756448129,2.0,4.1186677859588485,146
178,849,ㅼ궗6349,광진구,127.0868154,37.54410797,-0.0,7,0.0,0.3015873015873015,0.25,1.1622713884512637,1.3968519906529695,1.0,4.110710680691534,147
179,191,ㅼ궗4741,관악구,126.9062724,37.47122997,-0.0,8,0.0,0.0952380952380952,0.25,0.8781423385163367,0.8806490013667828,2.0,4.104029435121214,148
181,207,ㅼ궗4750,마포구,126.9056294,37.55234844,-0.0,11,0.0,0.5873015873015872,0.25,1.0522638536886089,1.1952294872360123,1.0,4.084794928226208,149
182,813,ㅼ궗6253,중랑구,127.075291,37.58012111,-0.0,6,0.0,0.1904761904761904,0.5,1.105829166381259,0.2649794982584542,2.0,4.061284855115904,150
184,131,ㅼ궗4543,금천구,126.8835073,37.48914051,-0.0,26,0.5,0.4126984126984127,0.0,1.1248715665456537,0.0196199462104845,2.0,4.057189925454551,151
186,345,ㅼ궗5149,용산구,126.9509789,37.54355453,-0.0,38,0.0,0.4761904761904761,0.25,1.2776217549147202,0.0429434328292403,2.0,4.046755663934436,152
187,713,ㅼ궗6049,성동구,127.052856,37.54398426,-0.0,17,0.0,0.3968253968253968,0.25,0.6759367079936982,0.7080375644812839,2.0,4.030799669300379,153
188,635,ㅼ궗5856,성북구,127.0298199,37.60698909,-0.0,24,0.0,0.4126984126984127,0.25,1.228303308445784,1.1343415193333628,1.0,4.025343240477559,154
190,385,ㅼ궗5249,용산구,126.9622985,37.54360662,-0.0,15,0.0,0.3333333333333333,0.0,0.925405849715734,0.7649133636083065,2.0,4.023652546657374,155
191,717,ㅼ궗6052,성동구,127.0526944,37.57102417,-0.0,15,0.0,0.3809523809523809,0.25,1.3436536749092405,0.017812265773114,2.0,3.992418321634736,156
193,309,ㅼ궗5049,영등포구,126.9396594,37.54350136,-0.0,12,0.0,0.3809523809523809,0.25,1.3592711829577369,0.0,2.0,3.990223563910118,157
194,540,ㅼ궗5653,종로구,127.0073397,37.57985707,-0.0,5,0.0,0.1587301587301587,0.5,0.6764846907322419,0.6424760813015299,2.0,3.9776909307639294,158
195,429,ㅼ궗5352,종로구,126.9734278,37.57069721,-0.0,14,0.5,0.4285714285714285,0.75,0.2764572915953147,0.0169304704378113,2.0,3.971959190604555,159
197,157,ㅼ궗4639,금천구,126.8951091,37.45314617,-0.0,6,0.5,0.2539682539682539,0.25,0.4722241249400644,0.4946871831048013,2.0,3.97087956201312,160
198,386,ㅼ궗5250,용산구,126.9622337,37.55261981,-0.0,19,0.0,0.2857142857142857,0.0,1.4037947804644153,0.2669194479961201,2.0,3.9564285141748208,161
200,87,ㅼ궗4343,구로구,126.8608849,37.48902029,-0.0,12,0.0,0.0793650793650793,0.25,0.8773203644085211,0.7444998015960496,2.0,3.95118524536965,162
201,287,ㅼ궗4957,은평구,126.9277883,37.61555186,-0.0,25,0.0,0.2063492063492063,0.25,1.2433728337557366,1.2478726687535824,1.0,3.947594708858525,163
203,672,ㅼ궗5953,동대문구,127.0413152,37.57999398,-0.0,81,0.0,0.238095238095238,0.25,0.7734776354544831,0.674793880340373,2.0,3.936366753890094,165
204,465,ㅼ궗5452,종로구,126.9847515,37.57074718,-0.0,33,0.0,0.7301587301587301,1.0,0.186588122474142,0.0045412459768087,2.0,3.921288098609681,166
206,972,ㅼ궗6843,송파구,127.1436722,37.49021166,-0.0,11,0.0,0.1904761904761904,0.0,0.8812932392629632,0.846126713989683,2.0,3.9178961437288367,167
207,799,ㅼ궗6245,송파구,127.0756998,37.5080143,-0.0,11,0.0,0.492063492063492,0.0,0.7047058017672443,0.7171200564349015,2.0,3.913889350265638,168
208,985,ㅼ궗6944,송파구,127.1549425,37.49925875,-0.0,13,0.0,0.0793650793650793,0.0,0.9566408658127268,0.8776508972267537,2.0,3.91365684240456,169
209,913,ㅼ궗6547,송파구,127.1095492,37.52615821,-0.0,11,0.5,0.0634920634920634,0.0,0.7116925816836769,0.6356862572196993,2.0,3.9108709023954393,170
210,160,ㅼ궗4642,금천구,126.8948912,37.48018581,-0.0,23,0.0,0.6190476190476191,0.25,0.5785327762175492,0.4559763678850139,2.0,3.903556763150182,171
213,204,ㅼ궗4748,영등포구,126.9057725,37.53432221,-0.0,10,0.0,0.1428571428571428,0.25,0.7315569559558873,0.7738194964948636,2.0,3.898233595307894,172
214,225,ㅼ궗4839,금천구,126.9177207,37.45325974,-0.0,3,0.0,0.0158730158730158,0.25,0.8607438865675731,0.7481592522375556,2.0,3.8747761546781447,173
216,446,ㅼ궗5442,관악구,126.9853711,37.48061456,-0.0,15,0.0,0.238095238095238,0.25,0.7326529214329748,0.6326881530796702,2.0,3.853436312607883,174
218,536,ㅼ궗5651,중구,127.0074584,37.56183062,-0.0,7,0.0,0.5396825396825397,0.25,0.501952188506062,0.5501521096953397,2.0,3.841786837883941,175
219,675,ㅼ궗5955,동대문구,127.0412046,37.59802046,-0.0,6,0.0,0.0793650793650793,0.0,0.9021165833276252,0.8564878091794894,2.0,3.837969471872194,176
220,528,ㅼ궗5648,용산구,127.0076363,37.53479085,-0.0,13,0.5,0.1428571428571428,0.25,0.4560586341530241,0.4756404038622636,2.0,3.824556180872431,177
222,463,ㅼ궗5451,중구,126.9848136,37.56173398,-0.0,35,0.5,0.5873015873015872,0.25,0.2534420165764778,0.227370927207795,2.0,3.81811453108586,178
225,246,ㅼ궗4853,은평구,126.9167394,37.57944418,-0.0,13,0.0,0.4603174603174603,0.25,2.0,0.0977470129183016,1.0,3.808064473235762,180
226,848,ㅼ궗6348,광진구,127.0868652,37.5350946,-0.0,20,0.5,0.3809523809523809,0.0,0.8615658606753887,1.0630483664741412,1.0,3.805566608101911,181
227,58,ㅼ궗4145,양천구,126.8381037,37.50692188,-0.0,1,0.0,0.0952380952380952,0.0,0.400301390506199,0.3096865217582999,3.0,3.8052260075025934,182
228,638,ㅼ궗5858,강북구,127.0297064,37.62501546,-0.0,16,0.5,0.2222222222222222,0.0,1.0289745873005,1.048763282042238,1.0,3.799960091564961,183
229,490,ㅼ궗5547,용산구,126.9963786,37.52572984,-0.0,6,0.0,0.1746031746031746,0.25,0.6379889033495445,0.7321105771350469,2.0,3.7947026550877663,184
230,297,ㅼ궗5042,관악구,126.9401309,37.48040884,-0.0,15,0.0,0.5238095238095237,0.0,1.259127337488869,0.0,2.0,3.782936861298393,185
231,538,ㅼ궗5652,종로구,127.007399,37.57084385,-0.0,44,0.5,0.4285714285714285,0.5,0.3349544489348585,0.0157841365019179,2.0,3.779310014008205,186
233,42,ㅼ궗4046,양천구,126.826709,37.51587096,-0.0,3,0.0,0.0476190476190476,0.0,0.3572847455305157,0.3536881089899034,3.0,3.7585919021394663,187
234,299,ㅼ궗5043,동작구,126.9400636,37.4894221,-0.0,7,0.0,0.1904761904761904,0.25,1.284471539146517,0.0236321149861117,2.0,3.7485798446088183,188
236,55,ㅼ궗4143,구로구,126.8382628,37.48889574,-0.0,15,0.0,0.1428571428571428,0.0,0.846496335365436,0.7519068824125921,2.0,3.741260360635171,189
237,633,ㅼ궗5855,성북구,127.0298766,37.59797588,-0.0,13,0.0,0.2857142857142857,0.25,1.1148708815672306,1.0873418279617302,1.0,3.7379269952432463,190
238,110,ㅼ궗4445,양천구,126.8720452,37.5071072,-0.0,2,0.0,0.1269841269841269,0.0,0.3852318651962463,0.2203606542921388,3.0,3.732576646472512,191
239,670,ㅼ궗5952,동대문구,127.0413705,37.57098072,-0.0,10,0.0,0.1587301587301587,0.25,0.927460784985273,0.3954411181164851,2.0,3.7316320618319168,192
241,491,ㅼ궗5548,용산구,126.996318,37.53474311,-0.0,7,0.0,0.2698412698412698,0.25,0.5790807589560929,0.6317622679776024,2.0,3.730684296774965,193
242,392,ㅼ궗5251,중구,126.962169,37.56163299,-0.0,8,0.0,0.3015873015873015,0.25,0.9571888485512706,0.2114545214055817,2.0,3.7202306715441535,194
244,894,ㅼ궗6457,중랑구,127.0977475,37.61625361,-0.0,11,0.5,0.0317460317460317,0.25,0.4774299609562298,0.4580926766897403,2.0,3.717268669392002,195
245,990,ㅼ궗6950,강동구,127.1546933,37.55333952,-0.0,21,0.5,0.1587301587301587,0.25,0.8923898897184739,0.915700365945064,1.0,3.716820414393697,196
246,285,ㅼ궗4955,은평구,126.9279264,37.59752575,-0.0,17,0.0,0.1269841269841269,0.25,1.2372080279471196,1.101141924959217,1.0,3.715334079890464,197
247,542,ㅼ궗5654,종로구,127.0072803,37.58887028,-0.0,17,0.0,0.3492063492063492,0.0,1.3174874991437768,0.0438693179313081,2.0,3.7105631662814345,198
248,431,ㅼ궗5353,종로구,126.9733644,37.57971038,-0.0,8,0.0,0.0952380952380952,1.0,0.307007329269128,0.2997222344693797,2.0,3.701967658976603,199
249,43,ㅼ궗4047,양천구,126.826628,37.52488398,-0.0,0,0.0,0.1111111111111111,0.0,0.3072813206383998,0.2812486221947886,3.0,3.699641053944299,200
250,690,ㅼ궗5963,도봉구,127.040761,37.67012583,-0.0,14,0.0,0.4126984126984127,0.0,1.1828207411466538,1.0989374366209603,1.0,3.694456590466027,201
251,232,ㅼ궗4843,관악구,126.917441,37.48931271,-0.0,12,0.0,0.3809523809523809,0.25,0.8204671552846085,0.2428905251091221,2.0,3.694310061346112,202
253,971,ㅼ궗6842,송파구,127.143715,37.48119815,-0.0,3,0.0,0.1269841269841269,0.0,0.8518391670662374,0.7117411048895551,2.0,3.69056439893992,203
254,852,ㅼ궗6352,중랑구,127.0866661,37.571148,-0.0,7,0.0,0.1904761904761904,0.0,1.0017124460579492,0.4869273841541378,2.0,3.679116020688277,204
255,937,ㅼ궗6642,송파구,127.1210942,37.48112777,-0.0,8,0.0,0.4126984126984127,0.0,0.4226316871018563,0.811868965213174,2.0,3.647199065013443,205
256,885,ㅼ궗6449,광진구,127.0981353,37.54414704,-0.0,9,0.0,0.1269841269841269,0.25,1.0585656551818616,1.2003879899475332,1.0,3.6359377721135218,206
257,644,ㅼ궗5861,도봉구,127.0295359,37.65205491,-0.0,11,0.0,0.2698412698412698,0.0,1.1835057195698335,1.1783871963317314,1.0,3.6317341857428342,207
260,546,ㅼ궗5657,강북구,127.0071019,37.6159098,-0.0,5,0.0,0.1587301587301587,0.25,1.3114596890197958,0.9047661037873108,1.0,3.624955951537266,209
262,943,ㅼ궗6647,송파구,127.1208664,37.52619509,-0.0,16,0.0,0.1428571428571428,0.5,0.6444277005274334,0.3357876636832591,2.0,3.6230725070678353,210
264,141,ㅼ궗4549,양천구,126.8830622,37.54321922,-0.0,1,0.0,0.0952380952380952,0.0,0.4683882457702582,0.0487632820422379,3.0,3.612389623050592,212
265,496,ㅼ궗5551,중구,126.996136,37.56178284,-0.0,16,0.0,0.492063492063492,0.5,0.2785122268648538,0.3323045721088135,2.0,3.60288029103716,213
266,761,ㅼ궗6148,성동구,127.0642282,37.53501324,-0.0,11,0.0,0.365079365079365,0.25,0.9099253373518734,0.073497641197478,2.0,3.5985023436287165,214
267,715,ㅼ궗6051,성동구,127.0527482,37.56201088,-0.0,9,0.0,0.2222222222222222,0.25,0.5701760394547571,0.5544729068383228,2.0,3.5968711685153023,215
269,710,ㅼ궗6048,성동구,127.0529098,37.53497093,-0.0,11,0.0,0.2063492063492063,0.25,0.5353791355572299,0.6005026233411225,2.0,3.5922309652475586,216
270,752,ㅼ궗6144,송파구,127.0644378,37.49895972,-0.0,15,0.0,0.2063492063492063,0.25,1.1336392903623536,0.0,2.0,3.58998849671156,217
272,860,ㅼ궗6358,노원구,127.0863668,37.62522769,-0.0,4,0.5,0.0952380952380952,0.0,0.975272278923214,1.0167100216039855,1.0,3.5872203957652946,219
273,230,ㅼ궗4842,관악구,126.917511,37.48029949,-0.0,13,0.0,0.3333333333333333,0.25,0.9763682444003012,0.0,2.0,3.5597015777336347,220
274,592,ㅼ궗5757,강북구,127.0184325,37.61595659,-0.0,17,0.0,0.2222222222222222,0.0,1.8969792451537777,0.4331378687006745,1.0,3.5523393360766744,221
276,850,ㅼ궗6350,광진구,127.0867657,37.55312133,-0.0,18,0.0,0.4444444444444444,0.0,0.987738886225084,1.1156033684581808,1.0,3.547786699127709,222
277,186,ㅼ궗4738,금천구,126.9064861,37.44419023,-0.0,8,0.0,0.0952380952380952,0.0,0.7503253647510103,0.6986464441603104,2.0,3.544209904149416,223
278,397,ㅼ궗5253,종로구,126.9620393,37.57965932,-0.0,4,0.5,0.0952380952380952,0.0,0.4746900472635111,0.4700410034830916,2.0,3.5399691459846983,224
279,460,ㅼ궗5449,용산구,126.9849377,37.54370754,-0.0,8,0.0,0.238095238095238,0.0,0.6386738817727241,0.6530135355583969,2.0,3.529782655426359,225
280,288,ㅼ궗4958,은평구,126.9277193,37.62456489,-0.0,3,0.0,0.1587301587301587,0.25,1.0714432495376396,1.0469996913716326,1.0,3.5271730996394317,226
281,427,ㅼ궗5351,중구,126.9734913,37.56168403,-0.0,27,0.0,0.492063492063492,0.75,0.134666757997123,0.1418367796834354,2.0,3.518567029744051,227
282,270,ㅼ궗4946,영등포구,126.9285462,37.51640759,-0.0,24,0.0,0.2857142857142857,0.0,0.7534762654976368,0.4788589568361183,2.0,3.5180495080480405,228
284,677,ㅼ궗5956,성북구,127.0411492,37.60703368,-0.0,16,0.0,0.1587301587301587,0.0,1.1861086375779162,1.1665270490719104,1.0,3.511365845379985,229
285,613,ㅼ궗5843,서초구,127.0305553,37.48981633,-0.0,23,0.0,0.6507936507936507,0.25,0.8726625111308993,0.7299501785635554,1.0,3.5034063404881053,230
287,244,ㅼ궗4852,마포구,126.9168097,37.57043109,-0.0,17,0.0,0.1746031746031746,0.0,1.3596821700116446,0.9684758167629294,1.0,3.5027611613777485,231
288,302,ㅼ궗5046,동작구,126.9398617,37.51646179,-0.0,13,0.5,0.3333333333333333,0.0,0.3886567573121446,0.2671398968299457,2.0,3.489129987475424,232
290,373,ㅼ궗5242,관악구,126.9627509,37.48051386,-0.0,9,0.0,0.2857142857142857,0.25,0.8467703267347079,0.1027291565627617,2.0,3.4852137690117555,233
292,686,ㅼ궗5960,도봉구,127.0409275,37.64308642,-0.0,9,0.0,0.1428571428571428,0.0,1.1588464963353653,1.1786517349323222,1.0,3.48035537412483,234
294,661,ㅼ궗5944,강남구,127.0418119,37.49887413,-0.0,38,0.0,0.6666666666666666,0.0,0.8021097335433933,1.0101847361227458,1.0,3.478961136332805,235
297,425,ㅼ궗5350,중구,126.9735547,37.55267083,-0.0,13,0.0,0.2857142857142857,0.5,0.6216864168778683,0.0474846788060491,2.0,3.4548853813982032,238
299,662,ㅼ궗5945,강남구,127.0417568,37.5078875,-0.0,8,0.0,0.6825396825396826,0.5,0.4892115898349202,0.7792425378069749,1.0,3.450993810181578,239
300,984,ㅼ궗6943,송파구,127.154984,37.49024524,-0.0,4,0.0,0.0952380952380952,0.0,0.7107336118912254,0.6342312949164499,2.0,3.4402030020457706,240
302,774,ㅼ궗6155,동대문구,127.0638605,37.59810636,-0.0,18,0.0,0.2222222222222222,0.25,0.9588327967669018,0.0,2.0,3.431055018989124,242
304,544,ㅼ궗5656,성북구,127.0071614,37.60689664,-0.0,15,0.0,0.3333333333333333,0.25,0.9315706555243508,0.9149508399100568,1.0,3.429854828767741,243
306,843,ㅼ궗6344,송파구,127.0870639,37.49904098,-0.0,2,0.0,0.1904761904761904,0.0,0.5688060826083978,0.6667254530223535,2.0,3.426007726106942,245
307,925,ㅼ궗6555,중랑구,127.1091727,37.5982651,-0.0,9,0.5,0.0476190476190476,0.0,0.4568806082608397,0.4199550284378995,2.0,3.4244546843177868,246
309,663,ㅼ궗5946,강남구,127.0417017,37.51690086,-0.0,24,0.0,0.4285714285714285,0.0,0.9471881635728474,1.0458533574357392,1.0,3.421612949580015,248
310,267,ㅼ궗4945,영등포구,126.928615,37.50739439,-0.0,7,0.0,0.1269841269841269,0.25,1.0219878073840674,0.0115074291256999,2.0,3.410479363493894,249
314,422,ㅼ궗5347,용산구,126.9737448,37.52563116,-0.0,2,0.0,0.0158730158730158,0.25,0.597301185012672,0.5237864291697897,2.0,3.3869606300554778,252
315,100,ㅼ궗4351,강서구,126.8602695,37.56112482,-0.0,11,0.0,0.1269841269841269,0.0,1.2589903418042332,0.0,2.0,3.38597446878836,253
316,423,ㅼ궗5348,용산구,126.9736814,37.5346444,-0.0,5,0.0,0.0952380952380952,0.25,0.4486608671826837,0.5781491115911996,2.0,3.3720480740119787,254
317,20,ㅼ궗3852,강서구,126.803576,37.5698174,-0.0,2,0.0,0.2063492063492063,0.0,0.6075758613603671,0.5553987919403907,2.0,3.369323859649964,255
318,764,ㅼ궗6149,성동구,127.0641758,37.54402658,-0.0,11,0.0,0.7619047619047619,0.0,0.477155969586958,0.1173669591287862,2.0,3.356427690620506,256
319,39,ㅼ궗4044,구로구,126.8268708,37.4978449,-0.0,2,0.0,0.1428571428571428,0.0,0.6129186930611685,0.5997090075393501,2.0,3.3554848434576616,257
320,421,ㅼ궗5346,용산구,126.9738081,37.5166179,-0.0,8,0.0,0.0793650793650793,0.0,0.674292759778067,0.5852916538071513,2.0,3.338949492950298,258
324,243,ㅼ궗4851,마포구,126.91688,37.561418,-0.0,9,0.0,0.5714285714285714,0.0,0.7652578943763271,0.9766765133812442,1.0,3.3133629791861425,261
325,296,ㅼ궗5041,관악구,126.9401981,37.47139557,-0.0,11,0.0,0.3174603174603174,0.25,0.7421056236728543,0.0,2.0,3.3095659411331715,262
326,806,ㅼ궗6250,성동구,127.0754445,37.55308116,-0.0,14,0.0,0.3492063492063492,0.0,0.8389615727104596,0.1145011242890525,2.0,3.302669046205861,263
327,216,ㅼ궗4755,은평구,126.9052711,37.59741377,-0.0,9,0.0,0.2698412698412698,0.0,1.0107541612439208,1.02147171641462,1.0,3.3020671474998107,264
328,413,ㅼ궗5341,동작구,126.9741242,37.47155143,-0.0,2,0.0,0.2698412698412698,0.25,0.7707377217617645,0.0054671310788765,2.0,3.296046122681911,265
330,909,ㅼ궗6543,송파구,127.1097369,37.49010443,-0.0,6,0.0,0.1587301587301587,0.25,0.5853825604493458,0.2971209382302368,2.0,3.2912336574097414,266
331,630,ㅼ궗5853,동대문구,127.02999,37.57994943,-0.0,19,0.0,0.4126984126984127,0.0,0.7545722309747243,0.1210264097702923,2.0,3.2882970534434293,267
332,779,ㅼ궗6158,노원구,127.0637026,37.62514606,-0.0,9,0.0,0.1428571428571428,0.0,1.0840468525241451,1.0607997883691196,1.0,3.287703783750408,268
333,50,ㅼ궗4052,강서구,126.8262224,37.56994882,-0.0,11,0.0,0.1269841269841269,0.0,0.5148297828618398,0.6450773775406728,2.0,3.28689128738664,269
334,723,ㅼ궗6056,성북구,127.0524785,37.60707719,-0.0,6,0.0,0.238095238095238,0.5,0.7822453592711829,0.7640315682730038,1.0,3.2843721656394247,270
335,632,ㅼ궗5854,동대문구,127.0299333,37.58896266,-0.0,8,0.5,0.3809523809523809,0.0,0.1837112130967874,0.2114986111723469,2.0,3.276162205221516,271
336,808,ㅼ궗6251,동대문구,127.0753933,37.56209449,-0.0,8,0.0,0.3809523809523809,0.0,0.8662237139530105,0.0269388474934967,2.0,3.274114942398888,272
338,674,ㅼ궗5954,동대문구,127.0412599,37.58900723,-0.0,10,0.0,0.1269841269841269,0.25,0.8552640591821358,0.0345663771438649,2.0,3.2668145633101275,273
339,261,ㅼ궗4941,관악구,126.9288895,37.47134145,-0.0,9,0.0,0.4126984126984127,0.0,0.8438934173573532,0.0,2.0,3.2565918300557657,274
340,452,ㅼ궗5444,동작구,126.9852474,37.49864119,-0.0,3,0.0,0.1111111111111111,0.0,0.6211384341393246,0.5232132622018429,2.0,3.2554628074522785,275
341,963,ㅼ궗6747,송파구,127.1321836,37.52623087,-0.0,22,0.0,0.2857142857142857,0.0,0.962394684567436,0.0,2.0,3.248108970281722,276
342,739,ㅼ궗6064,도봉구,127.0520458,37.67918256,-0.0,9,0.0,0.238095238095238,0.25,1.3561202822111105,0.4030686477668533,1.0,3.2472841680732016,277
344,668,ㅼ궗5950,성동구,127.041481,37.55295415,-0.0,5,0.0,0.1269841269841269,0.0,0.5507226522364546,0.5628940522904634,2.0,3.240600831511045,278
345,636,ㅼ궗5857,성북구,127.0297632,37.61600228,-0.0,15,0.0,0.3174603174603174,0.5,1.2866634701006918,0.1244654115779727,1.0,3.228589199138982,279
347,49,ㅼ궗4051,강서구,126.8263036,37.56093588,-0.0,9,0.0,0.1111111111111111,0.0,0.5566134666757997,0.5570742030774657,2.0,3.2247987808643765,280
348,962,ㅼ궗6746,송파구,127.1322278,37.51721743,-0.0,6,0.0,0.0793650793650793,0.0,0.5759298582094664,0.5693752480049381,2.0,3.224670185579484,281
349,678,ㅼ궗5957,강북구,127.0410938,37.61604689,-0.0,7,0.0,0.238095238095238,0.0,1.1378861565860674,0.8408800317446321,1.0,3.216861426425938,282
353,350,ㅼ궗5151,마포구,126.9508467,37.56158087,-0.0,11,0.0,0.238095238095238,0.0,0.9882868689636276,0.9841717737313168,1.0,3.2105538807901826,285
354,841,ㅼ궗6343,강남구,127.0871135,37.49002754,-0.0,20,0.5,0.1269841269841269,0.25,0.6879923282416603,0.6421233631674088,1.0,3.207099818393196,286
355,215,ㅼ궗4754,은평구,126.9053429,37.58840073,-0.0,6,0.0,0.238095238095238,0.25,0.8803342694705116,0.8357215290331114,1.0,3.204151036598861,287
356,382,ㅼ궗5247,용산구,126.9624279,37.52558019,-0.0,12,0.0,0.1746031746031746,0.0,0.5029111582985136,0.5151448348838235,2.0,3.192659167785512,288
358,356,ㅼ궗5155,종로구,126.9505818,37.59763339,-0.0,5,0.0,0.1111111111111111,0.25,0.8023837249126652,0.0153432388342665,2.0,3.1788380748580427,290
359,41,ㅼ궗4045,양천구,126.8267899,37.50685794,-0.0,0,0.0,0.0,0.0,0.0876772381669977,0.0852696089237688,3.0,3.1729468470907665,291
360,227,ㅼ궗4840,금천구,126.9176508,37.462273,-0.0,5,0.0,0.0793650793650793,0.25,0.7852592643331735,0.0533045280190467,2.0,3.1679288717172995,292
362,424,ㅼ궗5349,용산구,126.9736181,37.54365762,-0.0,13,0.0,0.2222222222222222,0.0,0.4196177820398657,0.5028878797231162,2.0,3.144727883985204,293
363,109,ㅼ궗4444,구로구,126.8721206,37.49809408,-0.0,3,0.0,0.1111111111111111,0.0,0.501952188506062,0.5190688241259204,2.0,3.132132123743093,294
364,827,ㅼ궗6260,노원구,127.074932,37.64321384,-0.0,4,0.0,0.1111111111111111,0.0,1.0158230015754504,1.0024249371720824,1.0,3.129359049858644,295
365,702,ㅼ궗6042,강남구,127.0532322,37.48089065,-0.0,6,0.0,0.0793650793650793,0.25,0.9343105692170696,0.8639389797627971,1.0,3.127614628344946,296
366,667,ㅼ궗5949,성동구,127.0415362,37.54394085,-0.0,0,0.0,0.2698412698412698,0.0,0.4108500582231659,0.436576870508355,2.0,3.117268198572791,297
367,736,ㅼ궗6063,노원구,127.0520999,37.67016944,-0.0,15,0.0,0.238095238095238,0.0,1.5470922665936022,0.32454477315815,1.0,3.1097322778469905,298
369,278,ㅼ궗4951,마포구,126.9282022,37.56147337,-0.0,8,0.0,0.5714285714285714,0.25,0.6145626412767997,0.6688417618270799,1.0,3.104832974532451,299
370,706,ㅼ궗6046,강남구,127.0530174,37.51694422,-0.0,12,0.0,0.2539682539682539,0.25,0.800739776697034,0.7946298664080067,1.0,3.0993378970732945,300
371,768,ㅼ궗6151,동대문구,127.0640708,37.56205323,-0.0,15,0.0,0.4603174603174603,0.0,0.5355161312418658,0.0936466646091442,2.0,3.0894802561684704,301
373,499,ㅼ궗5553,종로구,126.9960145,37.57980926,-0.0,22,0.5,0.3015873015873015,0.0,0.1163093362559079,0.1702305894801816,2.0,3.0881272273233917,302
374,372,ㅼ궗5241,관악구,126.9628155,37.47150056,-0.0,12,0.0,0.3015873015873015,0.0,0.7826563463250907,0.0,2.0,3.084243647912392,303
375,210,ㅼ궗4752,마포구,126.9054862,37.57037461,-0.0,10,0.0,0.238095238095238,0.25,1.3300911021302828,0.2546184030686477,1.0,3.0728047432941685,304
376,857,ㅼ궗6356,중랑구,127.0864667,37.60720118,-0.0,1,0.0,0.0476190476190476,0.0,0.5223645455168162,0.4953044398395132,2.0,3.065288032975377,305
377,947,ㅼ궗6649,송파구,127.1207751,37.54422192,-0.0,14,0.0,0.3492063492063492,0.0,0.686485375710665,0.026057052158194,2.0,3.0617487770752083,306
378,54,ㅼ궗4142,구로구,126.8383423,37.47988266,-0.0,2,0.0,0.0317460317460317,0.0,0.5422289197890267,0.4831356642123363,2.0,3.0571106157473946,307
379,147,ㅼ궗4550,양천구,126.8829879,37.55223229,-0.0,0,0.0,0.0,0.0,0.0513733817384752,0.0,3.0,3.0513733817384754,308
381,273,ㅼ궗4949,영등포구,126.9283399,37.5434471,-0.0,3,0.0,0.1587301587301587,0.25,0.6345640112336461,0.0,2.0,3.0432941699638048,310
382,37,ㅼ궗4042,구로구,126.8270326,37.47981878,-0.0,1,0.0,0.0158730158730158,0.0,0.589218439619152,0.4288170715576914,2.0,3.033908527049859,311
383,732,ㅼ궗6061,도봉구,127.0522082,37.65214315,-0.0,11,0.0,0.2222222222222222,0.25,0.8955407904651003,0.6633305409814382,1.0,3.0310935536687604,312
386,484,ㅼ궗5542,서초구,126.9966812,37.48066328,-0.0,13,0.0,0.238095238095238,0.25,0.7604630454140694,0.7704245844539482,1.0,3.018982867963256,314
387,568,ㅼ궗5746,서초구,127.0190704,37.51681088,-0.0,33,0.0,0.6349206349206349,0.25,0.6559353380368518,0.4780653410343459,1.0,3.0189213139918327,315
389,722,ㅼ궗6055,동대문구,127.0525325,37.59806395,-0.0,2,0.5,0.3492063492063492,0.0,0.1602849510240427,0.0,2.0,3.009491300230392,316
390,777,ㅼ궗6157,노원구,127.0637552,37.61613284,-0.0,10,0.0,0.1904761904761904,0.0,1.3907801904240016,0.4237026586129359,1.0,3.004959039513128,317
392,977,ㅼ궗6847,강동구,127.1435008,37.52626558,-0.0,12,0.5,0.0634920634920634,0.5,0.4751010343174189,0.4643975133371544,1.0,3.002990611146637,318
393,271,ㅼ궗4947,영등포구,126.9284775,37.52542077,-0.0,23,0.0,0.1111111111111111,0.0,0.4660593191314473,0.4242317358141175,2.0,3.001402166056676,319
395,486,ㅼ궗5544,서초구,126.9965602,37.49868995,-0.0,5,0.0,0.1587301587301587,0.0,0.9430782930337694,0.8821921432035624,1.0,2.9840005949674904,321
397,402,ㅼ궗5256,종로구,126.9618446,37.60669869,-0.0,4,0.0,0.0476190476190476,0.0,0.4631824097540927,0.4466293373308055,2.0,2.9574307947039458,323
399,519,ㅼ궗5643,서초구,127.0079322,37.48972427,-0.0,14,0.0,0.5238095238095237,0.25,0.5277073772176176,0.6473700454124598,1.0,2.9488869464396013,325
400,927,ㅼ궗6557,중랑구,127.1090783,37.61629169,-0.0,0,0.0,0.0158730158730158,0.0,0.4949654085896294,0.432300163132137,2.0,2.9431385875947824,326
401,531,ㅼ궗5649,성동구,127.007577,37.54380412,-0.0,1,0.0,0.0952380952380952,0.0,0.657716281937119,0.1637934835324721,2.0,2.9167478607076864,327
404,620,ㅼ궗5847,강남구,127.0303295,37.52586974,-0.0,51,0.0,0.5873015873015872,0.25,0.5607233372148777,0.4963185044751113,1.0,2.894343428991576,328
405,466,ㅼ궗5453,종로구,126.9846894,37.57976037,-0.0,5,0.0,0.1269841269841269,0.25,0.2602918008082745,0.2532516202989286,2.0,2.89052754809133,329
406,970,ㅼ궗6841,송파구,127.1437578,37.47218462,-0.0,1,0.0,0.0317460317460317,0.25,0.3189259538324542,0.2795732110577135,2.0,2.8802451966361997,330
409,38,ㅼ궗4043,구로구,126.8269517,37.48883185,-0.0,1,0.0,0.0793650793650793,0.0,0.3776971025412699,0.3776288523433711,2.0,2.8346910342497207,333
410,890,ㅼ궗6453,중랑구,127.0979416,37.58020043,-0.0,1,0.0,0.0,0.0,0.4246866223713952,0.4098143820819188,2.0,2.834501004453314,334
411,724,ㅼ궗6057,성북구,127.0524245,37.61609041,-0.0,12,0.0,0.1904761904761904,0.0,0.8822522090554147,0.7573740134914686,1.0,2.8301024130230736,335
414,684,ㅼ궗5959,노원구,127.040983,37.63407326,-0.0,7,0.0,0.1904761904761904,0.0,1.1378861565860674,0.4907191040959393,1.0,2.819081451158197,337
419,401,ㅼ궗5255,종로구,126.9619096,37.59768558,-0.0,4,0.0,0.0793650793650793,0.25,0.2267278580724707,0.2340725717560954,2.0,2.790165509193645,340
420,800,ㅼ궗6246,송파구,127.0756488,37.5170277,-0.0,0,0.0,0.0158730158730158,0.0,0.3938625933283101,0.3768793263083638,2.0,2.78661493550969,341
421,377,ㅼ궗5244,동작구,126.9626218,37.49854044,-0.0,0,0.0,0.0158730158730158,0.0,0.3881087745736009,0.3808474053172259,2.0,2.7848291957638427,342
422,19,ㅼ궗3851,강서구,126.8036599,37.5608045,-0.0,2,0.0,0.238095238095238,0.25,0.1174053017329954,0.1735373219875667,2.0,2.7790378618158003,343
423,796,ㅼ궗6243,강남구,127.0758018,37.48998746,-0.0,13,0.0,0.1428571428571428,0.0,0.8603328995136653,0.7758476257660597,1.0,2.779037668136868,344
424,498,ㅼ궗5552,중구,126.9960753,37.57079606,-0.0,33,0.0,0.3015873015873015,0.25,0.1945338721830262,0.0282615404964507,2.0,2.7743827142667787,345
426,68,ㅼ궗4152,강서구,126.8375457,37.57001291,-0.0,5,0.0,0.1746031746031746,0.0,0.2043975614768134,0.3819496494863542,2.0,2.760950385566342,346
427,260,ㅼ궗4940,관악구,126.9289581,37.46232818,-0.0,3,0.0,0.0793650793650793,0.0,0.6812795396944996,0.0,2.0,2.760644619059579,347
428,254,ㅼ궗4859,은평구,126.916317,37.63352239,-0.0,10,0.5,0.1587301587301587,0.25,0.3957805329132132,0.4506855958731978,1.0,2.75519628751657,348
429,655,ㅼ궗5941,강남구,127.041977,37.47183393,-0.0,9,0.0,0.4285714285714285,0.0,0.6005890814439345,0.706758961245095,1.0,2.735919471260458,349
432,238,ㅼ궗4847,영등포구,126.9171607,37.52536547,-0.0,6,0.0,0.2222222222222222,0.25,0.1224741420645249,0.1331070058639389,2.0,2.7278033701506863,351
436,734,ㅼ궗6062,도봉구,127.0521541,37.6611563,-0.0,6,0.0,0.0634920634920634,0.0,1.0658264264675663,0.5826462678012433,1.0,2.711964757760873,355
438,751,ㅼ궗6143,강남구,127.0644902,37.4899463,-0.0,14,0.0,0.1111111111111111,0.0,0.8159462976916226,0.7847978484193818,1.0,2.7118552572221155,356
439,659,ㅼ궗5943,강남구,127.0418669,37.48986074,-0.0,13,0.5,0.2539682539682539,0.0,0.9570518528666346,0.0,1.0,2.7110201068348885,357
442,523,ㅼ궗5646,용산구,127.0077548,37.51676426,-0.0,3,0.0,0.0793650793650793,0.0,0.6311391191177478,0.0,2.0,2.710504198482827,359
443,485,ㅼ궗5543,서초구,126.9966207,37.48967662,-0.0,6,0.0,0.1111111111111111,0.0,0.8116994314679087,0.783827873550549,1.0,2.706638416129569,360
444,84,ㅼ궗4252,강서구,126.8488691,37.57007591,-0.0,3,0.0,0.0634920634920634,0.0,0.6401808343037194,0.0,2.0,2.7036728977957827,361
445,709,ㅼ궗6047,성동구,127.0529636,37.52595758,-0.0,10,0.0,0.1746031746031746,0.0,0.5281183642715255,0.0,2.0,2.7027215388747,362
446,876,ㅼ궗6443,송파구,127.0984252,37.49006653,-0.0,11,0.0,0.1269841269841269,0.0,0.5718199876703883,0.0,2.0,2.698804114654515,363
447,218,ㅼ궗4757,은평구,126.9051276,37.6154398,-0.0,3,0.0,0.1904761904761904,0.0,0.7640249332146037,0.7388563114501124,1.0,2.693357435140906,364
448,756,ㅼ궗6146,송파구,127.0643331,37.5169865,-0.0,6,0.0,0.0793650793650793,0.25,0.3593396808000548,0.0,2.0,2.688704760165134,365
449,726,ㅼ궗6058,노원구,127.0523705,37.62510361,-0.0,9,0.0,0.1746031746031746,0.25,1.071991232276183,0.1916141263612715,1.0,2.68820853324063,366
452,217,ㅼ궗4756,은평구,126.9051994,37.60642679,-0.0,6,0.0,0.238095238095238,0.0,0.728132063839989,0.7144305806622283,1.0,2.680657882597455,367
453,657,ㅼ궗5942,강남구,127.041922,37.48084734,-0.0,13,0.0,0.4285714285714285,0.25,0.553873552983081,0.4471584145319871,1.0,2.679603396086497,368
456,174,ㅼ궗4649,영등포구,126.8943816,37.54327782,-0.0,2,0.0,0.0634920634920634,0.0,0.2742653606411397,0.3355231250826683,2.0,2.6732805492158715,370
457,275,ㅼ궗4950,마포구,126.9282711,37.55246024,-0.0,18,0.5,0.492063492063492,0.0,0.6777176518939653,0.0020281292711961,1.0,2.6718092732286536,371
458,456,ㅼ궗5446,용산구,126.9851236,37.51666777,-0.0,3,0.0,0.0158730158730158,0.0,0.3493389958216316,0.3049689167144306,2.0,2.670180928409078,372
459,518,ㅼ궗5642,서초구,127.0079914,37.48071092,-0.0,9,0.0,0.2222222222222222,0.0,0.7131995342146722,0.7329482827035845,1.0,2.6683700391404788,373
460,1001,ㅼ궗7151,강동구,127.1772972,37.562417,-0.0,5,0.0,0.0317460317460317,0.25,0.6996369614357147,0.6766015607777435,1.0,2.6579845539594897,374
461,914,ㅼ궗6548,송파구,127.1095022,37.53517162,-0.0,4,0.0,0.0952380952380952,0.0,0.2845400369888348,0.2709757065385124,2.0,2.6507538387654423,375
463,72,ㅼ궗4242,구로구,126.849652,37.47994545,-0.0,2,0.0,0.0317460317460317,0.0,0.3233098157408041,0.2911247299501786,2.0,2.6461805774370144,377
464,804,ㅼ궗6249,광진구,127.0754956,37.54406782,-0.0,11,0.5,0.2698412698412698,0.25,0.1900130145900404,0.4346369207706891,1.0,2.6444912052019998,378
465,543,ㅼ궗5655,성북구,127.0072208,37.59788346,-0.0,3,0.0,0.1587301587301587,0.25,0.6100417836838139,0.6126713989682995,1.0,2.631443341382272,379
467,714,ㅼ궗6050,성동구,127.0528021,37.55299758,-0.0,1,0.0,0.0317460317460317,0.0,0.2617987533392698,0.325558837793748,2.0,2.6191036228790496,381
468,347,ㅼ궗5150,마포구,126.9509128,37.55256771,-0.0,16,0.0,0.238095238095238,0.0,1.3791355572299473,0.0,1.0,2.617230795325185,382
471,487,ㅼ궗5545,서초구,126.9964997,37.50770326,-0.0,5,0.0,0.0952380952380952,0.25,0.6664840057538187,0.5992240201049337,1.0,2.6109461210968474,384
472,942,ㅼ궗6646,송파구,127.120912,37.51718165,-0.0,3,0.0,0.0476190476190476,0.0,0.2701554901020618,0.291256999250474,2.0,2.6090315369715835,385
473,826,ㅼ궗6259,노원구,127.0749834,37.63420064,-0.0,9,0.5,0.0476190476190476,0.0,0.4864716761422015,0.5718442749437855,1.0,2.605934998705034,386
474,619,ㅼ궗5846,강남구,127.030386,37.51685641,-0.0,17,0.0,0.492063492063492,0.5,0.261387766285362,0.3521449671531237,1.0,2.605596225501978,387
479,353,ㅼ궗5153,종로구,126.9507143,37.57960716,-0.0,2,0.0,0.0793650793650793,0.0,0.4722241249400644,0.0281292711961553,2.0,2.5797184755012994,391
480,784,ㅼ궗6163,노원구,127.0634389,37.67021195,-0.0,1,0.0,0.0476190476190476,0.0,0.7393657099801356,0.7827256293814205,1.0,2.569710386980604,392
481,340,ㅼ궗5147,영등포구,126.9511111,37.52552813,-0.0,3,0.0,0.0793650793650793,0.0,0.2528940338379341,0.2225651426303954,2.0,2.5548242558334087,393
483,705,ㅼ궗6045,강남구,127.0530711,37.50793085,-0.0,29,0.0,0.6666666666666666,0.0,0.3430371943283786,0.5429654777126229,1.0,2.552669338707668,394
484,30,ㅼ궗3950,강서구,126.8150642,37.5518578,-0.0,1,0.0,0.1587301587301587,0.0,0.1878210836358654,0.2045324280234557,2.0,2.55108367038948,395
485,622,ㅼ궗5848,성동구,127.030273,37.53488306,-0.0,3,0.0,0.0317460317460317,0.0,0.5152407699157476,0.0,2.0,2.546986801661779,396
486,754,ㅼ궗6145,송파구,127.0643855,37.50797312,-0.0,12,0.0,0.2063492063492063,0.25,0.080827453935201,0.0,2.0,2.5371766602844072,397
487,212,ㅼ궗4753,마포구,126.9054146,37.57938768,-0.0,13,0.0,0.3174603174603174,0.0,0.9655455853140624,0.2503857854591949,1.0,2.533391688233575,398
489,435,ㅼ궗5356,종로구,126.9731738,37.60674981,-0.0,2,0.0,0.0476190476190476,0.0,0.234262620727447,0.2461090780829769,2.0,2.5279907464294715,399
490,991,ㅼ궗6951,강동구,127.1546518,37.56235294,-0.0,9,0.0,0.1111111111111111,0.25,0.5916843619425988,0.5714033772761342,1.0,2.524198850329844,400
491,444,ㅼ궗5441,관악구,126.9854329,37.47160122,-0.0,4,0.0,0.0317460317460317,0.0,0.2976916227138845,0.1920109342621577,2.0,2.521448588722074,401
492,840,ㅼ궗6342,강남구,127.0871631,37.48101408,-0.0,5,0.0,0.0476190476190476,0.0,0.7474484553736557,0.7155769145981218,1.0,2.510644417590825,402
493,224,ㅼ궗4838,금천구,126.9177906,37.44424646,-0.0,1,0.0,0.0,0.0,0.2608397835468182,0.2476522199197566,2.0,2.508492003466575,403
495,108,ㅼ궗4443,금천구,126.8721961,37.48908094,-0.0,3,0.0,0.0634920634920634,0.0,0.4379752037810809,0.0,2.0,2.5014672672731444,405
497,11,ㅼ궗3751,강서구,126.7923381,37.56073718,-0.0,1,0.5,0.0,0.0,0.0,0.0,2.0,2.5,406
498,156,ㅼ궗4638,금천구,126.8951816,37.44413292,-0.0,0,0.0,0.0634920634920634,0.0,0.2180971299404068,0.2094263921343856,2.0,2.491015585566856,407
499,126,ㅼ궗4540,금천구,126.8837293,37.46210097,-0.0,2,0.0,0.0476190476190476,0.0,0.2376875128433454,0.2039151712887438,2.0,2.4892217317511367,408
500,550,ㅼ궗5660,강북구,127.0069233,37.6429492,-0.0,1,0.0,0.238095238095238,0.0,0.6466196314816083,0.5762091618535338,1.0,2.46092403143038,409
501,526,ㅼ궗5647,용산구,127.0076955,37.52577756,-0.0,0,0.0,0.0158730158730158,0.0,0.2191930954174943,0.2238437458665843,2.0,2.4589098571570944,410
502,691,ㅼ궗5964,도봉구,127.0407055,37.67913894,-0.0,4,0.0,0.1587301587301587,0.25,0.5671621343927666,0.4726863894889996,1.0,2.4485786826119247,411
503,596,ㅼ궗5761,강북구,127.0181998,37.65200915,-0.0,11,0.0,0.1587301587301587,0.0,0.7712857045003082,0.5147480269829373,1.0,2.4447638902134043,412
505,337,ㅼ궗5146,동작구,126.9511771,37.51651491,-0.0,4,0.0,0.0317460317460317,0.25,0.1576820330159599,0.0,2.0,2.439428064761992,413
508,26,ㅼ궗3942,구로구,126.8157229,37.47975382,-0.0,0,0.0,0.0634920634920634,0.0,0.2127542982396054,0.1630880472642299,2.0,2.439334408995899,414
509,830,ㅼ궗6263,노원구,127.0747778,37.67025338,-0.0,5,0.0,0.1269841269841269,0.25,0.5645592163846839,0.4896609496935761,1.0,2.431204293062387,415
511,1002,ㅼ궗7152,강동구,127.1772583,37.57143043,-0.0,1,0.0,0.0952380952380952,0.0,0.7577231317213508,0.576253251620299,1.0,2.4292144785797447,417
513,459,ㅼ궗5448,용산구,126.9849997,37.5346943,-0.0,2,0.0,0.1904761904761904,0.0,0.1138434139324611,0.1201446144349896,2.0,2.4244642188436414,419
514,956,ㅼ궗6741,송파구,127.1324487,37.47214998,-0.0,0,0.0,0.0,0.0,0.2359065689430783,0.1861469952823949,2.0,2.422053564225473,420
515,280,ㅼ궗4952,마포구,126.9281333,37.57048649,-0.0,10,0.0,0.238095238095238,0.25,0.4456469621206931,0.4855165116176535,1.0,2.4192587118335847,421
516,616,ㅼ궗5844,서초구,127.0304989,37.49882971,-0.0,56,0.0,1.0,0.0,0.3278306733337899,0.0879149949296768,1.0,2.415745668263467,422
518,520,ㅼ궗5644,서초구,127.0078731,37.49873762,-0.0,11,0.5,0.1269841269841269,0.0,0.4157819028700595,0.3679291036550416,1.0,2.410695133509228,423
519,996,ㅼ궗7051,강동구,127.1659745,37.56238551,-0.0,2,0.0,0.1428571428571428,0.0,0.6714158504007124,0.5875402319121732,1.0,2.401813225170028,424
521,289,ㅼ궗4959,은평구,126.9276501,37.63357791,-0.0,5,0.0,0.0476190476190476,0.0,0.6968970477429961,0.6400511441294475,1.0,2.384567239491491,426
522,846,ㅼ궗6347,송파구,127.0869149,37.52608121,-0.0,1,0.0,0.0317460317460317,0.0,0.3509829440372628,0.0,2.0,2.3827289757832943,427
523,886,ㅼ궗6450,광진구,127.0980869,37.55316041,-0.0,3,0.0,0.0,0.0,0.678265634632509,0.7029231515365284,1.0,2.3811887861690373,428
524,28,ㅼ궗3944,구로구,126.8155585,37.4977799,-0.0,1,0.0,0.0317460317460317,0.0,0.1809712994040687,0.157841365019179,2.0,2.3705586961692795,429
525,801,ㅼ궗6247,송파구,127.0755977,37.52604109,-0.0,0,0.0,0.0952380952380952,0.0,0.2745393520104117,0.0,2.0,2.3697774472485067,430
526,127,ㅼ궗4541,금천구,126.8836553,37.47111416,-0.0,1,0.0,0.2063492063492063,0.0,0.0524693472155627,0.1078435695075173,2.0,2.3666621230722864,431
528,918,ㅼ궗6549,송파구,127.1094552,37.54418502,-0.0,0,0.0,0.0476190476190476,0.0,0.304952393999589,0.0,2.0,2.3525714416186365,433
529,241,ㅼ궗4849,영등포구,126.9170204,37.54339176,-0.0,1,0.0,0.0952380952380952,0.0,0.2497431330913076,0.0,2.0,2.3449812283294027,434
530,741,ㅼ궗6065,노원구,127.0519915,37.68819567,-0.0,3,0.0,0.0476190476190476,0.25,0.6419617782039866,0.4004232617609453,1.0,2.34000408758398,435
532,664,ㅼ궗5947,강남구,127.0416465,37.5259142,-0.0,22,0.0,0.3333333333333333,0.0,0.4997602575518871,0.5009920197522155,1.0,2.334085610637436,436
533,665,ㅼ궗5948,성동구,127.0415914,37.53492753,-0.0,0,0.0,0.0476190476190476,0.0,0.1798753339269813,0.0974383845509457,2.0,2.3249327660969747,437
534,304,ㅼ궗5047,영등포구,126.9397943,37.52547499,-0.0,2,0.0,0.0158730158730158,0.0,0.163709843139941,0.1367223667386799,2.0,2.3163052257516368,438
535,798,ㅼ궗6244,송파구,127.0757508,37.49900089,-0.0,2,0.0,0.0158730158730158,0.0,0.2987875881909719,0.0,2.0,2.314660604063988,439
536,282,ㅼ궗4954,은평구,126.9279954,37.58851268,-0.0,2,0.0,0.1111111111111111,0.0,0.7204603055003768,0.481063445174375,1.0,2.3126348617858627,440
537,295,ㅼ궗5040,관악구,126.9402653,37.46238228,-0.0,0,0.0,0.0158730158730158,0.0,0.2935817521748065,0.0,2.0,2.3094547680478223,441
539,357,ㅼ궗5156,종로구,126.9505155,37.60664649,-0.0,0,0.0,0.0476190476190476,0.0,0.217823138571135,0.0324059785723733,2.0,2.297848164762556,443
541,462,ㅼ궗5450,용산구,126.9848757,37.55272077,-0.0,0,0.0,0.0,0.0,0.2354955818891704,0.0548476698558264,2.0,2.290343251744997,445
543,926,ㅼ궗6556,중랑구,127.1091255,37.6072784,-0.0,2,0.0,0.0317460317460317,0.0,0.1408315638057401,0.1166174330937789,2.0,2.2891950286455507,446
547,315,ㅼ궗5054,서대문구,126.9393217,37.58856702,-0.0,12,0.0,0.2698412698412698,0.25,0.9147201863141312,0.8328556941933777,0.0,2.2674171503487788,450
549,185,ㅼ궗4737,금천구,126.9065573,37.43517696,-0.0,0,0.0,0.0158730158730158,0.0,0.1300089047195013,0.1152065605572946,2.0,2.261088481149812,452
551,21,ㅼ궗3853,강서구,126.803492,37.57883028,-0.0,0,0.0,0.0317460317460317,0.0,0.1215151722720734,0.1007451170583307,2.0,2.254006321076436,454
553,974,ㅼ궗6845,송파구,127.1435865,37.50823865,-0.0,0,0.0,0.0,0.0,0.1252140557572436,0.1141484061549314,2.0,2.239362461912175,456
555,419,ㅼ궗5345,용산구,126.9738713,37.50760464,-0.0,1,0.0,0.0,0.0,0.2224809918487567,0.0,2.0,2.222480991848757,458
558,27,ㅼ궗3943,구로구,126.8156407,37.48876687,-0.0,1,0.0,0.0476190476190476,0.0,0.0832933762586478,0.0789206825095895,2.0,2.209833106387285,460
559,398,ㅼ궗5254,종로구,126.9619745,37.58867246,-0.0,0,0.0,0.0476190476190476,0.0,0.0842523460510993,0.0779066178739914,2.0,2.2097780115441386,461
561,177,ㅼ궗4650,영등포구,126.8943087,37.55229091,-0.0,4,0.0,0.1111111111111111,0.0,0.0876772381669977,0.0,2.0,2.198788349278109,463
562,125,ㅼ궗4539,금천구,126.8838033,37.45308776,-0.0,1,0.0,0.0158730158730158,0.0,0.0942530310295225,0.0792734006437105,2.0,2.189399447546249,464
563,493,ㅼ궗5549,용산구,126.9962573,37.54375637,-0.0,0,0.0,0.0634920634920634,0.0,0.1194602370025344,0.0,2.0,2.182952300494598,465
565,436,ㅼ궗5357,종로구,126.9731102,37.61576293,-0.0,0,0.0,0.0,0.0,0.0989108843071443,0.0836823773202239,2.0,2.1825932616273684,466
566,106,ㅼ궗4442,금천구,126.8722715,37.48006779,-0.0,1,0.0,0.0793650793650793,0.0,0.0152065209945886,0.0879149949296768,2.0,2.182486595289345,467
567,432,ㅼ궗5354,종로구,126.9733009,37.58872354,-0.0,0,0.0,0.0158730158730158,0.0,0.0823344064661963,0.082051055949914,2.0,2.1802584782891263,468
569,495,ㅼ궗5550,용산구,126.9961967,37.55276962,-0.0,0,0.0,0.0476190476190476,0.0,0.0630180149325296,0.0565671707596666,2.0,2.167204233311244,470
571,623,ㅼ궗5849,성동구,127.0302164,37.54389636,-0.0,3,0.0,0.0,0.0,0.0874032467977258,0.0787443234425289,2.0,2.1661475702402546,471
572,151,ㅼ궗4553,마포구,126.8827649,37.57927142,-0.0,1,0.0,0.1904761904761904,0.0,0.4764709911637783,0.4821215995767382,1.0,2.149068781216707,472
573,682,ㅼ궗5958,강북구,127.0410384,37.62506008,-0.0,7,0.0,0.1746031746031746,0.0,0.9551339132817316,0.0190026894757726,1.0,2.148739777360679,473
576,69,ㅼ궗4153,강서구,126.8374659,37.57902586,-0.0,1,0.0,0.0,0.0,0.0720597301185012,0.0735417309642432,2.0,2.1456014610827445,474
577,306,ㅼ궗5048,용산구,126.9397269,37.53448818,-0.0,0,0.0,0.0952380952380952,0.0,0.0421946708678676,0.0,2.0,2.137432766105963,475
579,443,ㅼ궗5440,관악구,126.9854947,37.46258786,-0.0,0,0.0,0.0158730158730158,0.0,0.0782245359271183,0.0410475728583395,2.0,2.135145124658474,476
580,330,ㅼ궗5141,관악구,126.9515068,37.47144861,-0.0,0,0.0,0.0317460317460317,0.0,0.0949380094527022,0.0,2.0,2.126684041198734,477
581,488,ㅼ궗5546,용산구,126.9964392,37.51671656,-0.0,0,0.0,0.0158730158730158,0.0,0.055894239331461,0.0536572461531678,2.0,2.125424501357645,478
582,239,ㅼ궗4848,영등포구,126.9170906,37.53437862,-0.0,1,0.0,0.0952380952380952,0.0,0.0098636892937872,0.0173272783386975,2.0,2.12242906287058,479
583,418,ㅼ궗5344,동작구,126.9739346,37.49859136,-0.0,0,0.0,0.0158730158730158,0.0,0.0553462565929173,0.0480137560072307,2.0,2.119233028473164,480
584,380,ㅼ궗5246,용산구,126.9624926,37.51656695,-0.0,0,0.0,0.0,0.0,0.0631550106171655,0.0503064238790176,2.0,2.113461434496183,481
586,403,ㅼ궗5257,종로구,126.9617797,37.61571179,-0.0,0,0.0,0.0,0.0,0.0574011918624563,0.0478373969401701,2.0,2.1052385888026266,482
588,468,ㅼ궗5454,종로구,126.9846273,37.58877354,-0.0,0,0.0,0.0,0.0,0.0537023083772861,0.0454124597680878,2.0,2.099114768145374,484
589,25,ㅼ궗3941,구로구,126.8158051,37.47074076,-0.0,0,0.0,0.0,0.0,0.0557572436468251,0.0411357523918698,2.0,2.096892996038695,485
590,255,ㅼ궗4860,은평구,126.9162465,37.64253537,-0.0,0,0.0,0.1269841269841269,0.0,0.4472909103363244,0.521934658965654,1.0,2.096209696286105,486
591,316,ㅼ궗5055,은평구,126.9392541,37.59758012,-0.0,7,0.0,0.1428571428571428,0.0,0.7660798684841427,0.1795335302676249,1.0,2.0884705416089107,487
592,573,ㅼ궗5748,용산구,127.0189546,37.53483749,-0.0,0,0.0,0.0,0.0,0.0493184464689362,0.027027027027027,2.0,2.076345473495963,488
595,563,ㅼ궗5742,서초구,127.0193015,37.48075747,-0.0,5,0.0,0.0793650793650793,0.25,0.3798890334954449,0.3606983819055597,1.0,2.069952494766084,490
596,205,ㅼ궗4749,영등포구,126.905701,37.54333533,-0.0,0,0.0,0.0634920634920634,0.0,0.0054798273854373,0.0,2.0,2.068971890877501,491
597,907,ㅼ궗6542,송파구,127.1097838,37.48109096,-0.0,4,0.0,0.0,0.0,0.0443866018220426,0.0189585997090075,2.0,2.06334520153105,492
599,121,ㅼ궗4451,강서구,126.8715915,37.56118562,-0.0,0,0.0,0.0,0.0,0.0616480580861702,0.0,2.0,2.0616480580861705,494
600,873,ㅼ궗6441,강남구,127.0985217,37.47203958,-0.0,0,0.0,0.1746031746031746,0.0,0.4498938283444071,0.4340637538027423,1.0,2.058560756750324,495
601,935,ㅼ궗6641,송파구,127.1211397,37.47211426,-0.0,0,0.0,0.0317460317460317,0.0,0.0141105555175011,0.0123010449274723,2.0,2.0581576321910053,496
602,22,ㅼ궗3854,강서구,126.803408,37.58784315,-0.0,0,0.0,0.0,0.0,0.0319199945201726,0.0261011419249592,2.0,2.058021136445132,497
603,103,ㅼ궗4352,강서구,126.8601924,37.57013782,-0.0,0,0.0,0.0,0.0,0.0546612781697376,0.0,2.0,2.0546612781697378,498
604,272,ㅼ궗4948,영등포구,126.9284087,37.53443394,-0.0,0,0.0,0.0158730158730158,0.0,0.0208233440646619,0.0175036374057581,2.0,2.054199997343436,499
605,1000,ㅼ궗7150,강동구,127.1773361,37.55340357,-0.0,5,0.0,0.0634920634920634,0.0,0.5078430029454072,0.4802698293726026,1.0,2.051604895810073,500
608,360,ㅼ궗5157,종로구,126.9504492,37.61565957,-0.0,0,0.0,0.0,0.0,0.0276731282964586,0.0212071778140293,2.0,2.048880306110488,502
609,458,ㅼ궗5447,용산구,126.9850617,37.52568104,-0.0,0,0.0,0.0476190476190476,0.0,0.0,0.0002645386005908,2.0,2.0478835862196383,503
611,882,ㅼ궗6447,송파구,127.098232,37.52612026,-0.0,1,0.0,0.0,0.0,0.0202753613261182,0.020104933644901,2.0,2.040380294971019,505
612,750,ㅼ궗6142,강남구,127.0645425,37.48093288,-0.0,2,0.0,0.0158730158730158,0.0,0.5346941571340502,0.486310127419426,1.0,2.036877300426492,506
613,905,ㅼ궗6541,강남구,127.1098307,37.47207746,-0.0,3,0.0,0.0158730158730158,0.0,0.506199054729776,0.5113972047087871,1.0,2.033469275311579,507
614,328,ㅼ궗5139,관악구,126.9516384,37.45342198,-0.0,0,0.0,0.0317460317460317,0.0,0.0,0.0,2.0,2.031746031746032,508
615,470,ㅼ궗5455,종로구,126.9845651,37.5977867,-0.0,0,0.0,0.0,0.0,0.0316460031509007,0.0,2.0,2.0316460031509007,509
616,433,ㅼ궗5355,종로구,126.9732373,37.59773668,-0.0,0,0.0,0.0,0.0,0.0154805123638605,0.0146818923327895,2.0,2.03016240469665,510
617,371,ㅼ궗5240,관악구,126.9628799,37.46248724,-0.0,0,0.0,0.0,0.0,0.0261661757654633,0.0,2.0,2.0261661757654634,511
618,474,ㅼ궗5457,종로구,126.9844407,37.61581297,-0.0,0,0.0,0.0,0.0,0.0132885814096855,0.0096556589215643,2.0,2.02294424033125,512
619,976,ㅼ궗6846,송파구,127.1435437,37.51725212,-0.0,0,0.0,0.0,0.0,0.0116446331940543,0.0108019928574577,2.0,2.0224466260515124,513
620,472,ㅼ궗5456,종로구,126.984503,37.60679984,-0.0,0,0.0,0.0,0.0,0.0105486677169669,0.0107579030906926,2.0,2.0213065708076594,514
621,149,ㅼ궗4551,강서구,126.8829136,37.56124535,-0.0,0,0.0,0.0158730158730158,0.0,0.0,0.0,2.0,2.015873015873016,515
622,29,ㅼ궗3949,강서구,126.8151467,37.54284485,-0.0,0,0.0,0.0158730158730158,0.0,0.0,0.0,2.0,2.015873015873016,515
623,758,ㅼ궗6147,송파구,127.0642807,37.52599988,-0.0,0,0.0,0.0,0.0,0.0128775943557777,0.0,2.0,2.012877594355778,516
624,34,ㅼ궗3954,강서구,126.814734,37.58790945,-0.0,0,0.0,0.0,0.0,0.0068497842317966,0.0038798994753317,2.0,2.0107296837071287,517
626,730,ㅼ궗6060,도봉구,127.0522623,37.64312999,-0.0,1,0.0,0.0793650793650793,0.0,0.5085279813685869,0.4179268991667034,1.0,2.0058199599003697,519
628,924,ㅼ궗6554,중랑구,127.1092198,37.58925179,-0.0,0,0.0,0.0,0.0,0.0,0.0019399497376658,2.0,2.001939949737666,520
629,954,ㅼ궗6656,중랑구,127.120455,37.60731538,-0.0,0,0.0,0.0,0.0,0.0,0.0011904237026586,2.0,2.0011904237026585,521
630,404,ㅼ궗5258,종로구,126.9617147,37.62472487,-0.0,0,0.0,0.0,0.0,0.0,0.0003086283673559,2.0,2.000308628367356,522
631,993,ㅼ궗7044,송파구,127.1662557,37.49929125,-0.0,0,0.0,0.0,0.0,0.0,0.0002645386005908,2.0,2.000264538600591,523
632,1,ㅼ궗3551,강서구,126.7696945,37.56059928,-0.0,0,0.0,0.0,0.0,0.0,0.0002645386005908,2.0,2.000264538600591,523
633,35,ㅼ궗3955,강서구,126.8146513,37.59692233,-0.0,0,0.0,0.0,0.0,0.0,0.0,2.0,2.0,524
634,15,ㅼ궗3755,강서구,126.7919968,37.5967886,-0.0,0,0.0,0.0,0.0,0.0,0.0,2.0,2.0,524
635,16,ㅼ궗3848,강서구,126.8039114,37.53376572,-0.0,0,0.0,0.0,0.0,0.0,0.0,2.0,2.0,524
636,17,ㅼ궗3849,강서구,126.8038276,37.54277866,-0.0,0,0.0,0.0,0.0,0.0,0.0,2.0,2.0,524
637,18,ㅼ궗3850,강서구,126.8037437,37.55179158,-0.0,1,0.0,0.0,0.0,0.0,0.0,2.0,2.0,524
638,438,ㅼ궗5358,종로구,126.9730466,37.62477603,-0.0,0,0.0,0.0,0.0,0.0,0.0,2.0,2.0,524
639,440,ㅼ궗5359,종로구,126.9729829,37.63378911,-0.0,0,0.0,0.0,0.0,0.0,0.0,2.0,2.0,524
640,888,ㅼ궗6452,중랑구,127.09799,37.5711871,-0.0,0,0.0,0.0,0.0,0.0,0.0,2.0,2.0,524
641,23,ㅼ궗3855,강서구,126.803324,37.59685601,-0.0,0,0.0,0.0,0.0,0.0,0.0,2.0,2.0,524
642,36,ㅼ궗4041,구로구,126.8271134,37.4708057,-0.0,0,0.0,0.0,0.0,0.0,0.0,2.0,2.0,524
643,24,ㅼ궗3856,강서구,126.80324,37.60586885,-0.0,0,0.0,0.0,0.0,0.0,0.0,2.0,2.0,524
644,454,ㅼ궗5445,용산구,126.9851855,37.50765449,-0.0,0,0.0,0.0,0.0,0.0,0.0,2.0,2.0,524
645,14,ㅼ궗3754,강서구,126.7920821,37.58777577,-0.0,0,0.0,0.0,0.0,0.0,0.0,2.0,2.0,524
646,475,ㅼ궗5458,종로구,126.9843785,37.62482609,-0.0,0,0.0,0.0,0.0,0.0,0.0,2.0,2.0,524
647,952,ㅼ궗6654,중랑구,127.1205465,37.58928875,-0.0,0,0.0,0.0,0.0,0.0,0.0,2.0,2.0,524
648,953,ㅼ궗6655,중랑구,127.1205008,37.59830207,-0.0,0,0.0,0.0,0.0,0.0,0.0,2.0,2.0,524
649,955,ㅼ궗6657,중랑구,127.1204092,37.61632868,-0.0,0,0.0,0.0,0.0,0.0,0.0,2.0,2.0,524
650,441,ㅼ궗5439,관악구,126.9855564,37.4535745,-0.0,0,0.0,0.0,0.0,0.0,0.0,2.0,2.0,524
652,329,ㅼ궗5140,관악구,126.9515726,37.4624353,-0.0,2,0.0,0.0,0.0,0.0,0.0,2.0,2.0,524
653,13,ㅼ궗3753,강서구,126.7921675,37.57876292,-0.0,0,0.0,0.0,0.0,0.0,0.0,2.0,2.0,524
654,370,ㅼ궗5239,관악구,126.9629444,37.4534739,-0.0,0,0.0,0.0,0.0,0.0,0.0,2.0,2.0,524
655,369,ㅼ궗5238,관악구,126.9630088,37.44446056,-0.0,0,0.0,0.0,0.0,0.0,0.0,2.0,2.0,524
656,2,ㅼ궗3552,강서구,126.7696065,37.56961211,-0.0,0,0.0,0.0,0.0,0.0,0.0,2.0,2.0,524
657,3,ㅼ궗3649,강서구,126.7811894,37.54264302,-0.0,0,0.0,0.0,0.0,0.0,0.0,2.0,2.0,524
658,368,ㅼ궗5237,관악구,126.9630732,37.43544719,-0.0,0,0.0,0.0,0.0,0.0,0.0,2.0,2.0,524
659,929,ㅼ궗6558,중랑구,127.1090311,37.62530496,-0.0,0,0.0,0.0,0.0,0.0,0.0,2.0,2.0,524
660,4,ㅼ궗3650,강서구,126.7811029,37.5516559,-0.0,0,0.0,0.0,0.0,0.0,0.0,2.0,2.0,524
661,934,ㅼ궗6640,송파구,127.1211852,37.46310074,-0.0,3,0.0,0.0,0.0,0.0,0.0,2.0,2.0,524
662,362,ㅼ궗5158,종로구,126.9503829,37.62467263,-0.0,0,0.0,0.0,0.0,0.0,0.0,2.0,2.0,524
663,5,ㅼ궗3651,강서구,126.7810163,37.56066877,-0.0,0,0.0,0.0,0.0,0.0,0.0,2.0,2.0,524
664,6,ㅼ궗3652,강서구,126.7809296,37.56968163,-0.0,0,0.0,0.0,0.0,0.0,0.0,2.0,2.0,524
665,7,ㅼ궗3653,강서구,126.780843,37.57869447,-0.0,0,0.0,0.0,0.0,0.0,0.0,2.0,2.0,524
666,8,ㅼ궗3748,강서구,126.7925936,37.53369846,-0.0,0,0.0,0.0,0.0,0.0,0.0,2.0,2.0,524
667,923,ㅼ궗6553,중랑구,127.1092669,37.58023846,-0.0,0,0.0,0.0,0.0,0.0,0.0,2.0,2.0,524
668,9,ㅼ궗3749,강서구,126.7925085,37.54271138,-0.0,0,0.0,0.0,0.0,0.0,0.0,2.0,2.0,524
669,10,ㅼ궗3750,강서구,126.7924233,37.55172429,-0.0,0,0.0,0.0,0.0,0.0,0.0,2.0,2.0,524
670,12,ㅼ궗3752,강서구,126.7922528,37.56975005,-0.0,0,0.0,0.0,0.0,0.0,0.0,2.0,2.0,524
671,407,ㅼ궗5259,종로구,126.9616497,37.63373794,-0.0,0,0.0,0.0,0.0,0.0,0.0,2.0,2.0,524
672,410,ㅼ궗5338,관악구,126.9743135,37.44451138,-0.0,0,0.0,0.0,0.0,0.0,0.0,2.0,2.0,524
673,411,ㅼ궗5339,관악구,126.9742504,37.45352474,-0.0,0,0.0,0.0,0.0,0.0,0.0,2.0,2.0,524
674,412,ㅼ궗5340,관악구,126.9741873,37.46253809,-0.0,0,0.0,0.0,0.0,0.0,0.0,2.0,2.0,524
675,294,ㅼ궗5039,관악구,126.9403325,37.45336898,-0.0,0,0.0,0.0,0.0,0.0,0.0,2.0,2.0,524
676,327,ㅼ궗5138,관악구,126.9517042,37.44440865,-0.0,0,0.0,0.0,0.0,0.0,0.0,2.0,2.0,524
677,326,ㅼ궗5137,관악구,126.95177,37.43539531,-0.0,0,0.0,0.0,0.0,0.0,0.0,2.0,2.0,524
678,293,ㅼ궗5038,관악구,126.9403997,37.44435567,-0.0,0,0.0,0.0,0.0,0.0,0.0,2.0,2.0,524
679,0,ㅼ궗3550,강서구,126.7697825,37.55158643,-0.0,0,0.0,0.0,0.0,0.0,0.0,2.0,2.0,524
680,71,ㅼ궗4241,구로구,126.8497301,37.47093233,-0.0,0,0.0,0.0,0.0,0.0,0.0,2.0,2.0,524
681,86,ㅼ궗4253,강서구,126.8487906,37.57908888,-0.0,0,0.0,0.0,0.0,0.0,0.0,2.0,2.0,524
682,259,ㅼ궗4939,금천구,126.9290266,37.4533149,-0.0,0,0.0,0.0,0.0,0.0,0.0,2.0,2.0,524
683,70,ㅼ궗4154,강서구,126.837386,37.58803879,-0.0,0,0.0,0.0,0.0,0.0,0.0,2.0,2.0,524
684,292,ㅼ궗5037,관악구,126.9404668,37.43534234,-0.0,0,0.0,0.0,0.0,0.0,0.0,2.0,2.0,524
685,155,ㅼ궗4637,금천구,126.8952542,37.43511967,-0.0,0,0.0,0.0,0.0,0.0,0.0,2.0,2.0,524
686,223,ㅼ궗4837,금천구,126.9178604,37.43523317,-0.0,0,0.0,0.0,0.0,0.0,0.0,2.0,2.0,524
687,257,ㅼ궗4938,관악구,126.9290951,37.44430161,-0.0,0,0.0,0.0,0.0,0.0,0.0,2.0,2.0,524
689,53,ㅼ궗4141,구로구,126.8384217,37.47086956,-0.0,0,0.0,0.0,0.0,0.0,0.0,2.0,2.0,524
690,986,ㅼ궗6945,송파구,127.1549011,37.50827224,-0.0,0,0.0,0.0,0.0,0.0,0.0,2.0,2.0,524
691,52,ㅼ궗4054,강서구,126.82606,37.58797467,-0.0,2,0.0,0.0,0.0,0.0,0.0,2.0,2.0,524
692,51,ㅼ궗4053,강서구,126.8261412,37.57896175,-0.0,12,0.0,0.0,0.0,0.0,0.0,2.0,2.0,524
694,983,ㅼ궗6942,송파구,127.1550255,37.48123171,-0.0,0,0.0,0.0,0.0,0.0,0.0,2.0,2.0,524
695,105,ㅼ궗4441,금천구,126.8723469,37.47105463,-0.0,0,0.0,0.0,0.0,0.0,0.0,2.0,2.0,524
696,318,ㅼ궗5056,은평구,126.9391864,37.60659319,-0.0,8,0.0,0.0158730158730158,0.0,0.5156517569696555,0.4659406551739341,1.0,1.997465428016605,525
697,599,ㅼ궗5762,강북구,127.0181415,37.66102226,-0.0,4,0.0,0.0793650793650793,0.0,0.5419549284197548,0.3758652616727657,1.0,1.9971852694576,526
699,320,ㅼ궗5057,은평구,126.9391188,37.61560626,-0.0,2,0.0,0.0158730158730158,0.0,0.5112678950613055,0.4643975133371544,1.0,1.991538424271476,527
701,290,ㅼ궗4960,은평구,126.927581,37.64259091,-0.0,6,0.0,0.0317460317460317,0.0,0.477018973902322,0.4322119835986067,1.0,1.9409769892469608,529
702,549,ㅼ궗5659,강북구,127.0069829,37.63393608,-0.0,1,0.0,0.1269841269841269,0.25,0.296595657236797,0.2638772540893259,1.0,1.9374570383102496,530
703,646,ㅼ궗5863,도봉구,127.0294221,37.67008114,-0.0,1,0.0,0.1428571428571428,0.0,0.3989314336598397,0.3790838146466205,1.0,1.920872391163603,531
704,865,ㅼ궗6363,노원구,127.0861168,37.67029371,-0.0,3,0.0,0.0,0.0,0.4756490170559627,0.4338873947356818,1.0,1.9095364117916445,532
705,610,ㅼ궗5841,서초구,127.0306681,37.47178955,-0.0,4,0.0,0.0476190476190476,0.25,0.3053633810534968,0.295225078259336,1.0,1.8982075069318805,533
706,181,ㅼ궗4653,은평구,126.8940897,37.57933009,-0.0,17,0.0,0.2063492063492063,0.25,0.3602986505925063,0.0709404347251003,1.0,1.887588291666813,534
708,729,ㅼ궗6059,노원구,127.0523164,37.63411681,-0.0,4,0.0,0.1269841269841269,0.0,0.3968764983903007,0.3538203782901988,1.0,1.8776810036646263,535
709,609,ㅼ궗5840,서초구,127.0307245,37.46277614,-0.0,2,0.0,0.0476190476190476,0.0,0.4329063634495513,0.3866672545302235,1.0,1.8671926655988225,536
710,354,ㅼ궗5154,서대문구,126.9506481,37.58862028,-0.0,15,0.0,0.0952380952380952,0.0,0.8943078293033769,0.8601472598209955,0.0,1.849693184362468,537
711,746,ㅼ궗6139,서초구,127.0646993,37.45389251,-0.0,0,0.0,0.0158730158730158,0.0,0.4456469621206931,0.3544376350249107,1.0,1.81595761301862,538
712,561,ㅼ궗5740,서초구,127.019417,37.46273069,-0.0,1,0.0,0.0952380952380952,0.0,0.348517021713816,0.3024117102420528,1.0,1.746166827193964,539
713,981,ㅼ궗6851,강동구,127.1433291,37.56231927,-0.0,0,0.0,0.0158730158730158,0.0,0.3835879169806151,0.331466866540276,1.0,1.730927799393907,540
716,570,ㅼ궗5747,강남구,127.0190125,37.52582419,-0.0,12,0.0,0.2222222222222222,0.0,0.441811082950887,0.0430757021295357,1.0,1.7071090073026451,543
723,692,ㅼ궗5965,도봉구,127.0406499,37.68815204,-0.0,2,0.0,0.0952380952380952,0.0,0.3161860401397356,0.2638772540893259,1.0,1.675301389467157,548
727,863,ㅼ궗6361,노원구,127.0862169,37.65226734,-0.0,3,0.0,0.0,0.0,0.3020754846222344,0.3540849168907896,1.0,1.656160401513024,552
730,989,ㅼ궗6949,강동구,127.1547349,37.54432609,-0.0,14,0.0,0.0317460317460317,0.0,0.2900198643742722,0.2870243816410211,1.0,1.608790277761325,555
731,795,ㅼ궗6242,강남구,127.0758528,37.48097402,-0.0,0,0.0,0.0317460317460317,0.0,0.2770052743338584,0.2786914157224108,1.0,1.587442721802301,556
732,697,ㅼ궗6039,서초구,127.0533931,37.45385032,-0.0,0,0.0,0.0634920634920634,0.0,0.2867319679430097,0.2245932719015916,1.0,1.574817303336665,557
733,178,ㅼ궗4651,마포구,126.8942357,37.56130398,-0.0,0,0.0,0.1428571428571428,0.0,0.2127542982396054,0.2189938715224196,1.0,1.574605312619168,558
734,312,ㅼ궗5051,서대문구,126.9395244,37.56152767,-0.0,17,0.5,0.4126984126984127,0.25,0.109870539078019,0.2875093690754376,0.0,1.5600783208518691,559
735,862,ㅼ궗6360,노원구,127.0862669,37.64325414,-0.0,2,0.0,0.0158730158730158,0.0,0.2396054524282485,0.3044839292800141,1.0,1.5599623975812784,560
736,871,ㅼ궗6440,서초구,127.0985699,37.46302608,-0.0,0,0.0,0.0793650793650793,0.0,0.4774299609562298,0.0,1.0,1.556795040321309,561
738,949,ㅼ궗6650,광진구,127.1207294,37.55323531,-0.0,1,0.0,0.1269841269841269,0.0,0.4226316871018563,0.0,1.0,1.5496158140859833,562
741,183,ㅼ궗4654,은평구,126.8940166,37.58834312,-0.0,0,0.0,0.0317460317460317,0.0,0.2583738612233714,0.2530311714651029,1.0,1.543151064434506,564
743,994,ㅼ궗7049,강동구,127.1660549,37.54435865,-0.0,1,0.0,0.0634920634920634,0.0,0.246866223713953,0.2298840439134077,1.0,1.5402423311194242,565
747,553,ㅼ궗5662,강북구,127.0068041,37.6609754,-0.0,1,0.0,0.0793650793650793,0.0,0.2412494006438797,0.2122481372073541,1.0,1.5328626172163131,569
750,562,ㅼ궗5741,서초구,127.0193593,37.47174409,-0.0,0,0.0,0.0476190476190476,0.0,0.2765942872799506,0.1893214584894846,1.0,1.5135347933884828,572
751,839,ㅼ궗6341,강남구,127.0872127,37.47200061,-0.0,1,0.0,0.0793650793650793,0.0,0.4222207000479485,0.001984039504431,1.0,1.503569818917459,573
753,611,ㅼ궗5842,서초구,127.0306117,37.48080295,-0.0,9,0.0,0.2539682539682539,0.0,0.1319268443044044,0.1070499537057449,1.0,1.492945051978403,574
755,700,ㅼ궗6041,강남구,127.0532859,37.47187722,-0.0,1,0.0,0.0476190476190476,0.0,0.3201589149941776,0.1146333935893479,1.0,1.4824113562025731,575
757,179,ㅼ궗4652,마포구,126.8941627,37.57031704,-0.0,0,0.0,0.0634920634920634,0.0,0.215768203301596,0.1969930779066178,1.0,1.4762533447002777,576
761,904,ㅼ궗6540,강남구,127.1098775,37.46306396,-0.0,2,0.0,0.0,0.25,0.0923350914446194,0.0750407830342577,1.0,1.4173758744788771,579
762,504,ㅼ궗5557,성북구,126.9957713,37.61586193,-0.0,0,0.0,0.0476190476190476,0.0,0.1953558462908418,0.1675852034742736,1.0,1.410560097384163,580
763,503,ㅼ궗5556,성북구,126.9958322,37.60684878,-0.0,1,0.0,0.1269841269841269,0.0,0.1349407493663949,0.1389268550769366,1.0,1.4008517314274584,581
764,560,ㅼ궗5739,서초구,127.0194746,37.45371728,-0.0,0,0.0,0.0,0.0,0.1983697513528323,0.2018429522507825,1.0,1.400212703603615,582
765,997,ㅼ궗7052,강동구,127.1659342,37.57139892,-0.0,0,0.0,0.0634920634920634,0.0,0.1926159325981231,0.1422776773510868,1.0,1.3983856734412734,583
766,502,ㅼ궗5555,성북구,126.995893,37.59783562,-0.0,0,0.0,0.0476190476190476,0.0,0.1798753339269813,0.1658657025704334,1.0,1.3933600841164622,584
768,919,ㅼ궗6550,광진구,127.1094081,37.5531984,-0.0,2,0.0,0.0476190476190476,0.0,0.1743955065415439,0.1536528371764913,1.0,1.375667391337083,586
771,152,ㅼ궗4554,마포구,126.8826904,37.58828443,-0.0,1,0.0,0.0476190476190476,0.0,0.2990615795602438,0.019134958776068,1.0,1.3658155859553596,588
773,547,ㅼ궗5658,강북구,127.0070424,37.62492295,-0.0,0,0.0,0.0952380952380952,0.0,0.2638536886088088,0.0048057845773995,1.0,1.3638975684243038,589
775,291,ㅼ궗4961,은평구,126.9275118,37.6516039,-0.0,1,0.0,0.0158730158730158,0.0,0.1796013425577094,0.1617212644945108,1.0,1.3571956229252362,590
779,887,ㅼ궗6451,광진구,127.0980385,37.56217376,-0.0,0,0.0,0.0,0.0,0.1663127611480238,0.1698337815792954,1.0,1.3361465427273194,593
783,552,ㅼ궗5661,강북구,127.0068637,37.65196231,-0.0,0,0.0,0.1111111111111111,0.0,0.2005616823070073,0.0,1.0,1.3116727934181185,597
786,322,ㅼ궗5059,은평구,126.9389833,37.63363234,-0.0,0,0.0,0.0,0.0,0.1427495033906431,0.1364578281380891,1.0,1.2792073315287324,599
787,874,ㅼ궗6442,강남구,127.0984734,37.48105306,-0.0,0,0.0,0.0158730158730158,0.0,0.1424755120213713,0.1198800758343988,1.0,1.278228603728786,600
788,747,ㅼ궗6140,서초구,127.064647,37.46290598,-0.0,0,0.0,0.0,0.25,0.0,0.0,1.0,1.25,601
789,483,ㅼ궗5541,서초구,126.9967417,37.47164992,-0.0,0,0.0,0.0,0.0,0.1102815261319268,0.1081521978748732,1.0,1.2184337240068,602
790,696,ㅼ궗6038,서초구,127.0534467,37.44483685,-0.0,2,0.0,0.0317460317460317,0.0,0.0931570655524351,0.0853136986905339,1.0,1.210216795989001,603
791,321,ㅼ궗5058,은평구,126.939051,37.62461931,-0.0,0,0.0,0.0,0.0,0.1094595520241112,0.0955866143468101,1.0,1.205046166370921,604
793,785,ㅼ궗6164,노원구,127.0633861,37.67922509,-0.0,0,0.0,0.0,0.0,0.0950750051373381,0.0844759931219963,1.0,1.1795509982593346,606
795,515,ㅼ궗5639,서초구,127.0081685,37.45367077,-0.0,0,0.0,0.0158730158730158,0.0,0.0635659976710733,0.0623870199726643,1.0,1.1418260335167536,608
799,323,ㅼ궗5060,은평구,126.9389155,37.64264536,-0.0,1,0.0,0.0,0.0,0.0563052263853688,0.0562585423923107,1.0,1.1125637687776797,612
800,988,ㅼ궗6948,강동구,127.1547765,37.53531265,-0.0,0,0.0,0.0,0.0,0.0604150969244468,0.0511882192143203,1.0,1.1116033161387673,613
801,654,ㅼ궗5940,서초구,127.042032,37.4628205,-0.0,3,0.0,0.0158730158730158,0.0,0.0465785327762175,0.0467792425378069,1.0,1.1092307911870405,614
804,968,ㅼ궗6751,강동구,127.1320064,37.56228452,-0.0,0,0.0,0.0,0.0,0.047537502568669,0.0391517128874388,1.0,1.086689215456108,617
805,699,ㅼ궗6040,강남구,127.0533395,37.46286378,-0.0,0,0.0,0.0,0.0,0.0447975888759504,0.033949120409153,1.0,1.0787467092851035,618
808,748,ㅼ궗6141,서초구,127.0645948,37.47191943,-0.0,0,0.0,0.0,0.0,0.0752106308651277,0.0,1.0,1.0752106308651277,620
813,837,ㅼ궗6340,서초구,127.0872622,37.46298713,-0.0,0,0.0,0.0158730158730158,0.0,0.0367148434824303,0.0088620431197918,1.0,1.0614499024752382,624
815,219,ㅼ궗4758,은평구,126.9050558,37.62445279,-0.0,0,0.0,0.0158730158730158,0.0,0.0220563052263853,0.0217803447819761,1.0,1.0597096658813774,625
817,999,ㅼ궗7149,강동구,127.1773749,37.54439012,-0.0,0,0.0,0.0,0.0,0.0264401671347352,0.0288347074643975,1.0,1.0552748745991327,627
820,866,ㅼ궗6364,노원구,127.0860667,37.67930687,-0.0,0,0.0,0.0158730158730158,0.0,0.0195903829029385,0.013844186764252,1.0,1.0493075855402063,630
823,835,ㅼ궗6339,서초구,127.0873118,37.45397364,-0.0,0,0.0,0.0,0.0,0.0187684087951229,0.0151227900004408,1.0,1.033891198795564,633
824,744,ㅼ궗6137,서초구,127.0648037,37.43586553,-0.0,0,0.0,0.0,0.0,0.0178094390026714,0.0148141616330849,1.0,1.0326236006357563,634
825,791,ㅼ궗6239,서초구,127.0760055,37.45393361,-0.0,0,0.0,0.0,0.0,0.0182204260565792,0.0143291741986684,1.0,1.0325496002552477,635
828,324,ㅼ궗5061,은평구,126.9388477,37.65165837,-0.0,0,0.0,0.0,0.0,0.0158914994177683,0.0119924165601163,1.0,1.0278839159778848,638
831,517,ㅼ궗5641,서초구,127.0080504,37.47169755,-0.0,0,0.0,0.0,0.0,0.0113706418247825,0.0101406463559807,1.0,1.0215112881807633,641
833,932,ㅼ궗6560,노원구,127.1089367,37.64333146,-0.0,0,0.0,0.0158730158730158,0.0,0.0015069525309952,0.0035712711079758,1.0,1.020951239511987,643
834,896,ㅼ궗6458,노원구,127.097699,37.62526687,-0.0,0,0.0,0.0,0.0,0.0084937324474279,0.0117719677262907,1.0,1.0202657001737183,644
835,123,ㅼ궗4453,마포구,126.8714401,37.57921166,-0.0,0,0.0,0.0158730158730158,0.0,0.0,0.0,1.0,1.0158730158730158,645
836,122,ㅼ궗4452,마포구,126.8715158,37.57019865,-0.0,0,0.0,0.0158730158730158,0.0,0.0,0.0,1.0,1.0158730158730158,645
840,366,ㅼ궗5161,은평구,126.9501836,37.65171175,-0.0,0,0.0,0.0,0.0,0.0052058360161654,0.0053789515453463,1.0,1.0105847875615117,647
841,792,ㅼ궗6240,서초구,127.0759546,37.4629471,-0.0,0,0.0,0.0,0.0,0.0056168230700732,0.0047176050438693,1.0,1.0103344281139426,648
842,647,ㅼ궗5864,도봉구,127.0293652,37.67909423,-0.0,0,0.0,0.0,0.0,0.0057538187547092,0.0043648869097482,1.0,1.0101187056644574,649
843,367,ㅼ궗5162,은평구,126.9501172,37.66072476,-0.0,0,0.0,0.0,0.0,0.0028769093773546,0.0029540143732639,1.0,1.0058309237506189,650
844,831,ㅼ궗6264,노원구,127.0747264,37.67926653,-0.0,0,0.0,0.0,0.0,0.0,0.005290772011816,1.0,1.005290772011816,651
845,554,ㅼ궗5663,강북구,127.0067444,37.66998848,-0.0,0,0.0,0.0,0.0,0.0,0.0049380538776949,1.0,1.004938053877695,652
846,931,ㅼ궗6559,노원구,127.1089839,37.63431822,-0.0,0,0.0,0.0,0.0,0.0026029180080827,0.001984039504431,1.0,1.0045869575125137,653
847,998,ㅼ궗7053,강동구,127.1658939,37.58041232,-0.0,0,0.0,0.0,0.0,0.0,0.0035712711079758,1.0,1.0035712711079758,654
848,516,ㅼ궗5640,서초구,127.0081095,37.46268416,-0.0,3,0.0,0.0,0.0,0.0,0.0035712711079758,1.0,1.0035712711079758,654
849,786,ㅼ궗6165,노원구,127.0633332,37.68823821,-0.0,0,0.0,0.0,0.0,0.0,0.0022044883382566,1.0,1.0022044883382566,655
850,745,ㅼ궗6138,서초구,127.0647515,37.44487903,-0.0,0,0.0,0.0,0.0,0.0,0.0015872316035448,1.0,1.0015872316035448,656
851,693,ㅼ궗5966,도봉구,127.0405943,37.69716512,-0.0,0,0.0,0.0,0.0,0.0,0.0014108725364842,1.0,1.0014108725364843,657
852,509,ㅼ궗5560,강북구,126.9955886,37.64290129,-0.0,0,0.0,0.0,0.0,0.0,0.0008817953353026,1.0,1.0008817953353026,658
853,364,ㅼ궗5159,은평구,126.9503165,37.63368569,-0.0,0,0.0,0.0,0.0,0.0,0.0007936158017724,1.0,1.0007936158017725,659
854,505,ㅼ궗5558,강북구,126.9957104,37.62487506,-0.0,0,0.0,0.0,0.0,0.0,0.0007495260350072,1.0,1.0007495260350072,660
855,325,ㅼ궗5062,은평구,126.9387799,37.66067137,-0.0,0,0.0,0.0,0.0,0.0,0.0007495260350072,1.0,1.0007495260350072,660
857,648,ㅼ궗5865,도봉구,127.0293083,37.68810732,-0.0,0,0.0,0.0,0.0,0.0,0.0007054362682421,1.0,1.0007054362682422,661
858,482,ㅼ궗5540,서초구,126.9968021,37.46263656,-0.0,0,0.0,0.0,0.0,0.0,0.000661346501477,1.0,1.000661346501477,662
859,365,ㅼ궗5160,은평구,126.9502501,37.64269873,-0.0,0,0.0,0.0,0.0,0.0,0.0005731669679467,1.0,1.0005731669679467,663
860,695,ㅼ궗6037,서초구,127.0535002,37.43582337,-0.0,0,0.0,0.0,0.0,0.0,0.0004408976676513,1.0,1.000440897667651,664
861,653,ㅼ궗5939,서초구,127.0420869,37.45380706,-0.0,0,0.0,0.0,0.0,0.0,0.0003968079008862,1.0,1.0003968079008865,665
862,480,ㅼ궗5461,강북구,126.9841916,37.65186536,-0.0,0,0.0,0.0,0.0,0.0,0.000352718134121,1.0,1.000352718134121,666
863,510,ㅼ궗5561,강북구,126.9955276,37.65191438,-0.0,0,0.0,0.0,0.0,0.0,0.0003086283673559,1.0,1.000308628367356,667
865,867,ㅼ궗6365,노원구,127.0860167,37.68832002,-0.0,0,0.0,0.0,0.0,0.0,0.0002645386005908,1.0,1.0002645386005908,668
866,834,ㅼ궗6338,서초구,127.0873613,37.44496013,-0.0,0,0.0,0.0,0.0,0.0,0.0002645386005908,1.0,1.0002645386005908,668
870,902,ㅼ궗6464,노원구,127.0974071,37.67934613,-0.0,0,0.0,0.0,0.0,0.0,0.0,1.0,1.0,669
871,901,ㅼ궗6463,노원구,127.0974558,37.67033296,-0.0,0,0.0,0.0,0.0,0.0,0.0,1.0,1.0,669
872,900,ㅼ궗6462,노원구,127.0975045,37.66131977,-0.0,0,0.0,0.0,0.0,0.0,0.0,1.0,1.0,669
873,903,ㅼ궗6465,노원구,127.0973584,37.68835929,-0.0,0,0.0,0.0,0.0,0.0,0.0,1.0,1.0,669
874,479,ㅼ궗5460,강북구,126.9842539,37.64285228,-0.0,0,0.0,0.0,0.0,0.0,0.0,1.0,1.0,669
875,408,ㅼ궗5260,은평구,126.9615847,37.642751,-0.0,0,0.0,0.0,0.0,0.0,0.0,1.0,1.0,669
876,1003,ㅼ궗7153,강동구,127.1772194,37.58044383,-0.0,0,0.0,0.0,0.0,0.0,0.0,1.0,1.0,669
877,104,ㅼ궗4353,마포구,126.8601153,37.57915081,-0.0,0,0.0,0.0,0.0,0.0,0.0,1.0,1.0,669
878,124,ㅼ궗4454,마포구,126.8713643,37.58822465,-0.0,0,0.0,0.0,0.0,0.0,0.0,1.0,1.0,669
879,992,ㅼ궗6952,강동구,127.1546101,37.57136634,-0.0,0,0.0,0.0,0.0,0.0,0.0,1.0,1.0,669
880,987,ㅼ궗6947,강동구,127.154818,37.5262992,-0.0,0,0.0,0.0,0.0,0.0,0.0,1.0,1.0,669
881,150,ㅼ궗4552,마포구,126.8828393,37.57025839,-0.0,0,0.0,0.0,0.0,0.0,0.0,1.0,1.0,669
882,154,ㅼ궗4555,은평구,126.882616,37.59729743,-0.0,0,0.0,0.0,0.0,0.0,0.0,1.0,1.0,669
883,982,ㅼ궗6852,강동구,127.1432861,37.57133266,-0.0,0,0.0,0.0,0.0,0.0,0.0,1.0,1.0,669
884,184,ㅼ궗4655,은평구,126.8939435,37.59735614,-0.0,0,0.0,0.0,0.0,0.0,0.0,1.0,1.0,669
885,409,ㅼ궗5261,은평구,126.9615196,37.65176404,-0.0,0,0.0,0.0,0.0,0.0,0.0,1.0,1.0,669
886,220,ㅼ궗4759,은평구,126.9049839,37.63346578,-0.0,0,0.0,0.0,0.0,0.0,0.0,1.0,1.0,669
887,222,ㅼ궗4761,은평구,126.9048401,37.6514917,-0.0,0,0.0,0.0,0.0,0.0,0.0,1.0,1.0,669
888,969,ㅼ궗6752,강동구,127.131962,37.5712979,-0.0,0,0.0,0.0,0.0,0.0,0.0,1.0,1.0,669
889,951,ㅼ궗6651,강동구,127.1206837,37.56224869,-0.0,0,0.0,0.0,0.0,0.0,0.0,1.0,1.0,669
893,922,ㅼ궗6552,광진구,127.109314,37.57122512,-0.0,0,0.0,0.0,0.0,0.0,0.0,1.0,1.0,669
894,921,ㅼ궗6551,광진구,127.1093611,37.56221177,-0.0,0,0.0,0.0,0.0,0.0,0.0,1.0,1.0,669
896,221,ㅼ궗4760,은평구,126.904912,37.64247875,-0.0,0,0.0,0.0,0.0,0.0,0.0,1.0,1.0,669
897,899,ㅼ궗6461,노원구,127.0975531,37.65230656,-0.0,0,0.0,0.0,0.0,0.0,0.0,1.0,1.0,669
898,1005,ㅼ궗7250,강동구,127.1886574,37.55343397,-0.0,0,0.0,0.0,0.0,0.0,0.0,1.0,1.0,669
899,897,ㅼ궗6459,노원구,127.0976504,37.63428011,-0.0,0,0.0,0.0,0.0,0.0,0.0,1.0,1.0,669
900,556,ㅼ궗5664,도봉구,127.0066848,37.67900155,-0.0,0,0.0,0.0,0.0,0.0,0.0,1.0,1.0,669
901,557,ㅼ궗5665,강북구,127.0066251,37.6880146,-0.0,0,0.0,0.0,0.0,0.0,0.0,1.0,1.0,669
903,789,ㅼ궗6237,서초구,127.0761072,37.43590661,-0.0,0,0.0,0.0,0.0,0.0,0.0,1.0,1.0,669
904,833,ㅼ궗6266,노원구,127.0746234,37.69729279,-0.0,0,0.0,0.0,0.0,0.0,0.0,1.0,1.0,669
905,832,ㅼ궗6265,노원구,127.0746749,37.68827966,-0.0,0,0.0,0.0,0.0,0.0,0.0,1.0,1.0,669
906,652,ㅼ궗5938,서초구,127.0421419,37.4447936,-0.0,0,0.0,0.0,0.0,0.0,0.0,1.0,1.0,669
907,790,ㅼ궗6238,서초구,127.0760564,37.44492012,-0.0,0,0.0,0.0,0.0,0.0,0.0,1.0,1.0,669
908,651,ㅼ궗5937,서초구,127.0421968,37.43578013,-0.0,0,0.0,0.0,0.0,0.0,0.0,1.0,1.0,669
909,600,ㅼ궗5763,강북구,127.0180833,37.67003536,-0.0,0,0.0,0.0,0.0,0.0,0.0,1.0,1.0,669
912,898,ㅼ궗6460,노원구,127.0976018,37.64329334,-0.0,0,0.0,0.0,0.0,0.0,0.0,1.0,1.0,669
913,602,ㅼ궗5764,강북구,127.018025,37.67904844,-0.0,0,0.0,0.0,0.0,0.0,0.0,1.0,1.0,669
915,604,ㅼ궗5765,도봉구,127.0179667,37.6880615,-0.0,0,0.0,0.0,0.0,0.0,0.0,1.0,1.0,669
916,787,ㅼ궗6166,노원구,127.0632804,37.69725132,-0.0,0,0.0,0.0,0.0,0.0,0.0,1.0,1.0,669
917,650,ㅼ궗5936,서초구,127.0422517,37.42676665,-0.0,0,0.0,0.0,0.0,0.0,0.0,1.0,1.0,669
918,649,ㅼ궗5866,도봉구,127.0292513,37.69712038,-0.0,0,0.0,0.0,0.0,0.0,0.0,1.0,1.0,669
919,605,ㅼ궗5766,도봉구,127.0179083,37.69707455,-0.0,0,0.0,0.0,0.0,0.0,0.0,1.0,1.0,669
920,606,ㅼ궗5837,서초구,127.0308933,37.43573581,-0.0,0,0.0,0.0,0.0,0.0,0.0,1.0,1.0,669
921,607,ㅼ궗5838,서초구,127.0308371,37.44474927,-0.0,0,0.0,0.0,0.0,0.0,0.0,1.0,1.0,669
922,608,ㅼ궗5839,서초구,127.0307808,37.45376271,-0.0,0,0.0,0.0,0.0,0.0,0.0,1.0,1.0,669
923,788,ㅼ궗6236,서초구,127.0761581,37.42689308,-0.0,0,0.0,0.0,0.0,0.0,0.0,1.0,1.0,669
924,694,ㅼ궗6036,서초구,127.0535538,37.42680987,-0.0,0,0.0,0.0,0.0,0.0,0.0,1.0,1.0,669
925,514,ㅼ궗5565,강북구,126.9952835,37.6879666,-0.0,0,0.0,0.0,0.0,0.0,0.0,1.0,1.0,669
926,559,ㅼ궗5666,도봉구,127.0065654,37.69702763,-0.0,0,0.0,0.0,0.0,0.0,0.0,1.0,1.0,669
927,870,ㅼ궗6439,서초구,127.098618,37.45401258,-0.0,0,0.0,0.0,0.0,0.0,0.0,1.0,1.0,669
928,793,ㅼ궗6241,강남구,127.0759037,37.47196056,-0.0,0,0.0,0.0,0.0,0.0,0.0,1.0,1.0,669
929,1004,ㅼ궗7249,강동구,127.1886949,37.54442051,-0.0,0,0.0,0.0,0.0,0.0,0.0,1.0,1.0,669
930,507,ㅼ궗5559,성북구,126.9956495,37.63388818,-0.0,0,0.0,0.0,0.0,0.0,0.0,1.0,1.0,669
934,868,ㅼ궗6366,노원구,127.0859665,37.69733316,-0.0,0,0.0,0.0,0.0,0.0,0.0,1.0,1.0,669
935,864,ㅼ궗6362,노원구,127.0861669,37.66128053,-0.0,0,0.0,0.0,0.0,0.0,0.0,1.0,1.0,669
936,743,ㅼ궗6136,서초구,127.0648559,37.42685202,-0.0,0,0.0,0.0,0.0,0.0,0.0,1.0,1.0,669
937,511,ㅼ궗5562,강북구,126.9954666,37.66092745,-0.0,0,0.0,0.0,0.0,0.0,0.0,1.0,1.0,669
938,481,ㅼ궗5462,강북구,126.9841292,37.66087842,-0.0,0,0.0,0.0,0.0,0.0,0.0,1.0,1.0,669
940,512,ㅼ궗5563,강북구,126.9954056,37.66994052,-0.0,0,0.0,0.0,0.0,0.0,0.0,1.0,1.0,669
941,477,ㅼ궗5459,강북구,126.9843162,37.63383919,-0.0,0,0.0,0.0,0.0,0.0,0.0,1.0,1.0,669
942,513,ㅼ궗5564,강북구,126.9953446,37.67895357,-0.0,0,0.0,0.0,0.0,0.0,0.0,1.0,1.0,669
945,742,ㅼ궗6066,도봉구,127.0519373,37.69720877,-0.0,0,0.0,0.0,0.0,0.0,0.0,1.0,1.0,669
949,351,ㅼ궗5152,서대문구,126.9507805,37.57059402,-0.0,3,0.0,0.0476190476190476,0.0,0.2261798753339269,0.2197433975574269,0.0,0.4935423205104015,673
950,313,ㅼ궗5052,서대문구,126.9394569,37.5705408,-0.0,0,0.0,0.0634920634920634,0.0,0.1576820330159599,0.1892773687227194,0.0,0.4104514652307429,674
953,83,ㅼ궗4251,강서구,126.8489475,37.56106292,-100.0,29,0.5,0.3492063492063492,0.25,1.3836564148229331,1.2475640403862265,2.0,-94.26957319558448,677
954,855,ㅼ궗6354,중랑구,127.0865664,37.58917462,-100.0,17,0.0,0.4285714285714285,0.0,1.5366805945612712,1.660641065208765,2.0,-94.37410691165852,678
955,803,ㅼ궗6248,광진구,127.0755467,37.53505446,-100.0,16,0.0,0.5555555555555556,0.5,1.676416192889924,1.7743926634628102,1.0,-94.49363558809172,679
956,595,ㅼ궗5760,강북구,127.018258,37.64299603,-100.0,23,0.0,0.4761904761904761,0.25,1.6962805671621344,1.569022529870817,1.0,-95.00850642677656,680
957,187,ㅼ궗4739,금천구,126.9064149,37.45320349,-100.0,35,0.0,0.3809523809523809,0.0,1.3063908486882665,1.2783827873550548,2.0,-95.0342739830043,681
958,235,ㅼ궗4845,영등포구,126.9173009,37.50733912,-100.0,9,0.0,0.238095238095238,0.0,1.363107062127543,1.3030730567435298,2.0,-95.09572464303368,682
960,966,ㅼ궗6749,강동구,127.132095,37.54425773,-100.0,20,0.0,0.4126984126984127,0.25,1.611617234057127,1.5965345443322605,1.0,-95.1291498089122,683
961,689,ㅼ궗5962,도봉구,127.0408166,37.66111271,-100.0,20,0.0,0.2539682539682539,0.5,1.4948969107473111,1.459327190159164,1.0,-95.29180764512527,684
962,535,ㅼ궗5650,성동구,127.0075177,37.55281738,-100.0,21,0.0,0.365079365079365,0.25,1.0466470306185354,0.9715621004364888,2.0,-95.36671150386562,685
965,967,ㅼ궗6750,강동구,127.1320507,37.55327113,-100.0,23,0.0,0.4444444444444444,0.0,1.541612439208165,1.5732551474802698,1.0,-95.44068796886712,686
966,879,ㅼ궗6445,송파구,127.0983286,37.50809342,-100.0,18,0.0,0.4444444444444444,0.0,0.9939036920337008,1.092588510206781,2.0,-95.46906335331508,687
967,394,ㅼ궗5252,종로구,126.9621042,37.57064616,-100.0,26,0.5,0.2063492063492063,0.5,1.2302212480306869,0.0,2.0,-95.56342954562012,688
969,782,ㅼ궗6161,노원구,127.0635444,37.65218564,-100.0,42,0.5,0.3968253968253968,0.25,1.0921295979176655,1.1773731316961331,1.0,-95.58367187356082,689
970,811,ㅼ궗6252,동대문구,127.0753422,37.57110781,-100.0,18,0.0,0.2857142857142857,0.25,1.5458593054318788,0.1469952823949561,2.0,-95.77143112645888,690
972,776,ㅼ궗6156,동대문구,127.0638079,37.60711961,-100.0,17,0.0,0.2063492063492063,0.0,1.1959723268717035,0.8096644768749174,2.0,-95.7880139899042,691
973,208,ㅼ궗4751,마포구,126.9055578,37.56136153,-100.0,12,0.0,0.492063492063492,0.0,1.2603602986505924,1.453992328380583,1.0,-95.79358388090532,692
974,248,ㅼ궗4854,은평구,126.9166691,37.58845725,-100.0,17,0.0,0.3333333333333333,0.25,1.4259880813754366,1.1829725320753053,1.0,-95.80770605321592,693
975,286,ㅼ궗4956,은평구,126.9278574,37.60653881,-100.0,17,0.0,0.3333333333333333,0.25,1.2567984108500585,1.2866716635069,1.0,-95.87319659230972,694
976,688,ㅼ궗5961,도봉구,127.0408721,37.65209957,-100.0,12,0.0,0.3015873015873015,0.0,1.3136516199739707,1.2842467263348176,1.0,-96.10051435210391,695
977,383,ㅼ궗5248,용산구,126.9623632,37.53459341,-100.0,12,0.0,0.365079365079365,0.25,0.5826426467566271,0.6001058154402363,2.0,-96.20217217272378,696
978,567,ㅼ궗5745,서초구,127.0191282,37.50779755,-100.0,23,0.0,0.7936507936507936,0.0,0.8186862113843414,0.9681671883955734,1.0,-96.41949580656927,697
980,378,ㅼ궗5245,용산구,126.9625572,37.5075537,-100.0,23,0.5,0.1587301587301587,0.0,0.8741694636618946,0.0,2.0,-96.46710037760792,698
982,229,ㅼ궗4841,관악구,126.9175809,37.47128625,-100.0,17,0.0,0.3015873015873015,0.0,1.2310432221385026,0.0,2.0,-96.4673694762742,699
983,587,ㅼ궗5754,성북구,127.0186068,37.58891701,-100.0,14,0.0,0.4603174603174603,0.25,0.7229262278238235,1.0145055332657291,1.0,-96.552250778593,700
984,242,ㅼ궗4850,마포구,126.9169502,37.55240488,-100.0,18,0.0,0.9047619047619048,0.25,0.4585245564764709,0.6904898373087607,1.0,-96.69622370145288,701
985,521,ㅼ궗5645,서초구,127.0078139,37.50775094,-100.0,20,0.0,0.0634920634920634,0.25,0.9993835194191384,0.9332040033508224,1.0,-96.75392041373796,702
989,129,ㅼ궗4542,구로구,126.8835813,37.48012734,-100.0,17,0.0,0.3492063492063492,0.25,0.1791903555038016,0.0887527004982143,2.0,-97.13285059479162,706
991,617,ㅼ궗5845,강남구,127.0304425,37.50784307,-100.0,24,0.5,0.8253968253968254,0.0,0.5181176792931023,0.0,1.0,-97.15648549531008,707
993,564,ㅼ궗5743,서초구,127.0192438,37.48977085,-100.0,18,0.0,0.2539682539682539,0.0,0.744708541680937,0.8213041753009127,1.0,-97.1800190290499,708
994,765,ㅼ궗6150,성동구,127.0641233,37.55303991,-100.0,4,0.0,0.1746031746031746,0.0,0.3015275018836906,0.2968123098628808,2.0,-97.22705701365024,709
995,883,ㅼ궗6448,송파구,127.0981837,37.53513365,-100.0,8,0.0,0.0317460317460317,0.0,0.626481265840126,0.0,2.0,-97.34177270241383,710
997,281,ㅼ궗4953,서대문구,126.9280644,37.57949959,-100.0,7,0.0,0.2698412698412698,0.25,0.9263648195081856,0.9817027467924696,0.0,-97.57209116385808,712
998,639,ㅼ궗5859,도봉구,127.0296496,37.63402862,-100.0,31,0.0,0.2063492063492063,0.25,0.827590930885677,0.0052466822450509,1.0,-97.71081318052008,713
1000,310,ㅼ궗5050,마포구,126.9395919,37.55251452,-100.0,23,0.0,0.4285714285714285,0.0,0.6400438386190834,0.0472642299722234,1.0,-97.88412050283726,714
1001,314,ㅼ궗5053,서대문구,126.9393893,37.57955392,-100.0,5,0.5,0.0634920634920634,0.25,0.5079799986300432,0.5120585512102641,0.0,-98.16646938666764,715
1005,861,ㅼ궗6359,노원구,127.0863169,37.63424092,-100.0,8,0.0,0.0,0.0,0.0,0.0,1.0,-99.0,719
